user_id,country,device,signup_date
1,CA,mobile,2022-04-13
2,AU,mobile,2023-03-12
3,UK,desktop,2022-09-28
4,,desktop,2022-04-17
5,CA,mobile,2022-03-13
6,US,Mobile,2023-12-02
7,AU,mobile,2022-01-21
8,AU,desktop,2023-09-07
9,UK,mobile,2022-05-02
10,CA,mobile,2023-04-12
11,US,desktop,2022-08-03
12,AU,Mobile,2022-11-27
13,AU,desktop,2023-04-04
14,AU,mobile,2022-03-29
15,UK,mobile,2023-01-08
16,US,Mobile,2022-04-10
17,CA,mobile,2023-10-26
18,UK,mobile,2022-05-11
19,AU,mobile,2023-10-24
20,US,desktop,2022-11-05
21,US,Desktop,2022-12-10
22,US,Desktop,2023-05-07
23,UK,Mobile,2023-02-18
24,UK,mobile,2023-01-21
25,CA,mobile,2022-07-11
26,AU,desktop,2022-10-04
27,AU,mobile,2022-06-10
28,UK,Desktop,2023-04-05
29,AU,mobile,2022-11-10
30,AU,Desktop,2022-01-22
31,AU,desktop,2022-09-10
32,UK,desktop,2023-07-15
33,AU,mobile,20.04.2023
34,US,mobile,2022-02-28
35,,mobile,2023-05-26
36,AU,mobile,2023-11-13
37,AU,mobile,2023-04-21
38,AU,Mobile,2023-12-01
39,CA,mobile,2022-07-09
40,AU,Mobile,2023-11-18
41,AU,Mobile,2023-07-17
42,AU,mobile,2023-07-21
43,UK,Desktop,2022-09-01
44,US,mobile,2023-05-20
45,UK,mobile,2022-05-11
46,CA,Mobile,2023-04-30
47,AU,desktop,2023-10-09
48,UK,mobile,2022-01-21
49,AU,mobile,2022-06-16
50,CA,Mobile,2022-10-01
51,US,mobile,2023-01-23
52,CA,Mobile,2023-08-24
53,AU,Desktop,2022-11-12
54,AU,Desktop,2022-01-14
55,US,mobile,2022-08-30
56,AU,mobile,2022-12-12
57,AU,mobile,2023-07-19
58,US,mobile,2022-12-06
59,AU,mobile,2022-04-02
60,US,mobile,2023-01-02
61,UK,Desktop,2023-03-31
62,US,Desktop,2023-03-04
63,AU,mobile,2023-05-24
64,US,mobile,2022-02-04
65,AU,mobile,2022-07-25
66,,mobile,2022-03-22
67,AU,Mobile,2023-07-16
68,UK,Mobile,2023-01-23
69,,desktop,2022-01-02
70,UK,desktop,2023/01/25
71,UK,Mobile,2023-07-20
72,UK,desktop,2022-04-16
73,,mobile,2023-04-22
74,US,Mobile,2023-12-04
75,US,Mobile,2023-02-06
76,US,mobile,2023-12-31
77,US,mobile,2023-07-10
78,US,mobile,2022-06-11
79,US,Desktop,2022-07-21
80,AU,mobile,2022-09-27
81,AU,mobile,2022-09-28
82,AU,mobile,2023-04-01
83,AU,desktop,2023-04-07
84,AU,mobile,2023-12-28
85,US,Desktop,2022-09-09
86,AU,desktop,2023-12-03
87,UK,Mobile,2022-10-23
88,AU,desktop,2023-12-26
89,AU,mobile,21.12.2023
90,UK,mobile,2022-12-04
91,US,desktop,2022-02-22
92,AU,mobile,2022-08-05
93,CA,mobile,2022-07-07
94,CA,Mobile,2023-01-15
95,AU,mobile,2023-05-08
96,AU,Desktop,2022-02-10
97,,mobile,2022-06-06
98,US,desktop,2022-01-15
99,US,Mobile,2022-03-06
100,UK,desktop,05.06.2023
101,AU,mobile,2022-12-10
102,US,Mobile,2022-05-09
103,AU,desktop,2023-10-10
104,UK,Mobile,2023-04-17
105,US,mobile,2022-03-04
106,US,Mobile,2022-05-19
107,AU,desktop,2023-05-14
108,AU,mobile,2023-08-16
109,US,Desktop,2023-01-27
110,UK,mobile,2023-11-06
111,US,Mobile,2023-02-23
112,AU,desktop,2022-10-16
113,CA,desktop,2023-01-14
114,AU,desktop,2023-05-05
115,,Desktop,2022-08-19
116,AU,mobile,2022-02-10
117,UK,mobile,2022-01-28
118,AU,mobile,2022-05-15
119,CA,desktop,2022-07-20
120,US,desktop,2022-02-02
121,AU,mobile,2022-02-17
122,AU,mobile,2023-05-18
123,AU,mobile,2023-02-11
124,AU,desktop,2023-07-28
125,,mobile,2023-12-29
126,US,mobile,2022-04-09
127,UK,Mobile,2023-11-15
128,US,desktop,2023-12-27
129,UK,desktop,2023-07-01
130,AU,Mobile,2023-09-05
131,AU,mobile,2023-04-07
132,UK,Mobile,2023-10-05
133,,desktop,2022-01-05
134,AU,Desktop,2022-08-06
135,AU,mobile,2023-05-18
136,US,mobile,2023-02-02
137,,mobile,2023-01-28
138,AU,mobile,2022-07-26
139,US,desktop,2022-01-15
140,CA,mobile,2023-07-08
141,AU,Mobile,2023-04-06
142,AU,mobile,2023-11-22
143,US,mobile,2023-07-29
144,CA,Mobile,2022-08-29
145,AU,mobile,2023-07-18
146,US,mobile,2022-04-06
147,US,desktop,2023-04-30
148,US,Mobile,2023-02-11
149,US,mobile,2022-08-19
150,US,Desktop,2023-10-17
151,US,Mobile,2022-06-20
152,US,desktop,2023-06-25
153,US,mobile,2022-02-05
154,US,mobile,2023-06-09
155,CA,mobile,2022-06-09
156,AU,mobile,2023-11-30
157,UK,mobile,2022-08-31
158,CA,Desktop,2022-03-27
159,AU,Mobile,2023-08-01
160,US,mobile,2023-11-13
161,US,Mobile,2023-07-11
162,AU,mobile,2023-07-28
163,US,Mobile,2023-10-08
164,AU,Mobile,2022-01-28
165,AU,desktop,2023-09-12
166,UK,Desktop,2023-07-10
167,AU,mobile,2022-12-06
168,UK,Mobile,2022-11-27
169,US,Desktop,2023-10-02
170,CA,desktop,2023-05-21
171,US,Mobile,2022-12-14
172,AU,Desktop,2023-04-18
173,UK,mobile,2022-08-19
174,AU,Desktop,2022-07-09
175,US,mobile,2022-08-13
176,,Mobile,2023-01-20
177,AU,desktop,2023-01-12
178,US,mobile,2022-10-10
179,UK,Mobile,2023-09-25
180,CA,mobile,2023-09-20
181,UK,Desktop,2022-09-16
182,AU,desktop,2022-12-25
183,UK,desktop,2023-12-11
184,AU,Mobile,2023-04-01
185,UK,desktop,2023-02-15
186,,mobile,2023-10-11
187,UK,mobile,2022-11-14
188,CA,desktop,2023-11-08
189,AU,mobile,2022-08-13
190,UK,mobile,2022-08-22
191,UK,mobile,2023-11-15
192,AU,mobile,2023-10-26
193,CA,desktop,2023-01-09
194,AU,Mobile,2023-11-03
195,UK,desktop,2023-08-31
196,UK,mobile,2023-04-17
197,UK,mobile,2022-08-21
198,AU,mobile,2023-11-23
199,US,desktop,2022-04-23
200,US,Mobile,2023-05-12
201,CA,Desktop,2023-03-18
202,US,desktop,2023-07-18
203,AU,Mobile,2022-09-25
204,UK,Mobile,2023-05-25
205,US,Desktop,2023-01-21
206,US,desktop,2023-01-22
207,US,mobile,2022-04-23
208,CA,Mobile,2023-09-05
209,US,desktop,2023-09-17
210,US,desktop,2022-03-22
211,AU,mobile,2023-11-30
212,AU,desktop,2022-04-23
213,AU,Desktop,2022-01-02
214,AU,mobile,2023-10-04
215,US,desktop,2022-08-08
216,UK,mobile,2023-07-20
217,US,mobile,2022-08-13
218,UK,mobile,2023-01-20
219,,mobile,2023-02-07
220,UK,desktop,2023-09-30
221,UK,mobile,2022-05-10
222,US,mobile,2022-02-22
223,US,mobile,2023-11-15
224,AU,mobile,2023-12-31
225,US,mobile,2023-11-03
226,CA,desktop,2023-12-11
227,UK,mobile,2023-02-20
228,AU,desktop,2022-09-04
229,US,desktop,2023-03-15
230,UK,mobile,2022-07-22
231,AU,desktop,2022-07-03
232,US,mobile,2022-05-03
233,CA,mobile,2023-02-05
234,US,mobile,2022-10-21
235,AU,mobile,2022-10-07
236,US,Mobile,2023-09-02
237,CA,desktop,2022-07-17
238,US,mobile,2023-05-26
239,AU,desktop,2022-05-24
240,US,mobile,2023-09-01
241,US,desktop,2022-07-20
242,US,mobile,2022-05-04
243,UK,mobile,2022-07-06
244,AU,mobile,2022-11-22
245,CA,mobile,2023-04-09
246,AU,Mobile,2022-12-15
247,AU,desktop,2023-10-22
248,AU,mobile,2023-02-07
249,US,desktop,2022-12-12
250,US,desktop,2023-05-26
251,US,desktop,2022-05-27
252,AU,mobile,2022-05-28
253,US,Mobile,2023-12-12
254,AU,Desktop,2023-05-04
255,UK,desktop,2023-10-02
256,,mobile,2023-07-05
257,AU,mobile,2022-12-04
258,US,mobile,2023-10-03
259,AU,Mobile,2023-04-18
260,AU,desktop,2022-05-31
261,US,mobile,2023-02-19
262,UK,Mobile,2022-10-25
263,US,Mobile,2023-09-03
264,AU,Mobile,2022-09-20
265,CA,desktop,2022-05-24
266,US,desktop,2022-12-12
267,CA,mobile,2023-09-16
268,US,desktop,2023-07-26
269,US,mobile,2022-01-02
270,AU,mobile,2022-10-31
271,AU,mobile,2022-09-11
272,,mobile,2023-10-14
273,AU,mobile,2023-03-29
274,,mobile,2022-02-06
275,US,desktop,2022-06-09
276,AU,mobile,2022-01-09
277,AU,desktop,2022-08-21
278,AU,mobile,2022-04-09
279,,Desktop,2023-10-21
280,US,desktop,2022-07-27
281,US,mobile,2022-05-11
282,AU,desktop,2023-02-08
283,AU,Mobile,2022-06-01
284,US,desktop,2022-02-23
285,AU,Mobile,2022-04-30
286,UK,Mobile,2023-11-04
287,AU,desktop,2023-09-20
288,AU,mobile,2023-08-10
289,US,mobile,2023-09-17
290,US,desktop,2023-02-24
291,,mobile,2023/02/26
292,US,Mobile,2022-04-14
293,AU,mobile,2022-09-11
294,US,Mobile,2022-08-15
295,AU,Desktop,2022-04-22
296,AU,mobile,2023-05-25
297,,mobile,2023-04-18
298,UK,desktop,2022-04-09
299,,desktop,2022-06-02
300,US,mobile,2022-12-04
301,US,mobile,2023-12-07
302,AU,Desktop,2022-06-12
303,AU,desktop,2023-12-21
304,UK,mobile,2023-11-12
305,AU,mobile,2022-06-10
306,UK,Mobile,2023-08-03
307,UK,mobile,2023-02-02
308,AU,mobile,2022-10-04
309,US,desktop,2023-05-19
310,UK,mobile,2023-01-27
311,AU,desktop,2022-05-15
312,UK,mobile,2022-07-14
313,US,desktop,2023-02-05
314,AU,desktop,2023-10-02
315,US,mobile,2022-02-02
316,,Mobile,2023-11-19
317,AU,mobile,2023-04-05
318,UK,desktop,15/04/2023
319,AU,desktop,2023-01-10
320,UK,mobile,2022-01-22
321,UK,mobile,2023-11-01
322,AU,mobile,2022-02-07
323,AU,desktop,2022-08-18
324,UK,mobile,2022-12-31
325,US,mobile,2023-07-17
326,UK,mobile,2023-03-14
327,AU,mobile,2022-10-10
328,CA,desktop,2022-01-27
329,UK,mobile,2022-08-14
330,CA,Mobile,2022-10-04
331,AU,mobile,2023-09-01
332,US,mobile,2022-10-11
333,US,Mobile,2023-04-26
334,AU,Desktop,2023-03-29
335,US,desktop,2023-10-21
336,AU,mobile,2023-05-31
337,UK,mobile,2023-07-01
338,US,desktop,2022-07-11
339,AU,mobile,2022-02-18
340,UK,mobile,2023-05-27
341,US,desktop,2022-01-17
342,AU,desktop,2022-06-21
343,,Desktop,2022-08-08
344,,Desktop,2022-06-07
345,US,desktop,2023-04-22
346,AU,mobile,2022-02-15
347,UK,mobile,2023-01-08
348,US,Mobile,2023-06-02
349,AU,Mobile,2022-04-09
350,US,Mobile,2022-02-06
351,US,mobile,2022-10-07
352,US,mobile,2022-12-15
353,US,Mobile,2023-05-12
354,US,mobile,2022-10-29
355,CA,mobile,2022-06-30
356,AU,Mobile,2023-08-30
357,UK,desktop,2022-04-09
358,CA,mobile,2023-12-01
359,US,Mobile,2022-04-26
360,US,desktop,2022-07-10
361,US,mobile,2022-09-10
362,US,mobile,2022-06-10
363,UK,mobile,2022-09-13
364,US,mobile,2022/11/19
365,,Desktop,2022-05-08
366,AU,mobile,2022-01-18
367,AU,desktop,2023-07-20
368,US,mobile,2023-07-24
369,AU,mobile,2022-11-19
370,AU,Mobile,2023-11-17
371,AU,mobile,2023-09-18
372,AU,Mobile,2022-10-15
373,AU,mobile,2023-10-25
374,,mobile,2023-10-01
375,AU,Mobile,2022-06-04
376,UK,mobile,2023-05-05
377,UK,desktop,2023-01-21
378,,Mobile,2022-04-14
379,AU,mobile,2023-01-28
380,CA,mobile,2022-09-03
381,US,Mobile,2022-06-25
382,US,desktop,2022-02-08
383,US,mobile,2023-04-22
384,UK,desktop,2023-11-13
385,AU,mobile,2023-06-22
386,UK,desktop,2023-02-12
387,US,mobile,2023-06-09
388,UK,desktop,21.05.2023
389,,Mobile,2022-02-05
390,AU,mobile,2023-11-16
391,,mobile,2022-01-20
392,AU,mobile,2022-11-17
393,AU,Desktop,2023-05-27
394,AU,mobile,2023-02-04
395,AU,mobile,2023-10-16
396,US,Mobile,2023-04-16
397,AU,Mobile,2022-05-23
398,AU,Mobile,2022-04-02
399,,desktop,2022-12-20
400,UK,mobile,2023-12-28
401,UK,Desktop,2022-02-20
402,CA,mobile,2023-10-27
403,UK,mobile,2023-11-29
404,AU,desktop,2023-07-29
405,US,Mobile,2022-07-09
406,UK,mobile,2022-05-05
407,AU,Mobile,2022-05-30
408,UK,mobile,2022-11-10
409,AU,mobile,2023-07-24
410,AU,desktop,2022-12-08
411,US,mobile,2022-11-01
412,US,mobile,2023-11-23
413,US,desktop,2023-11-13
414,UK,Desktop,2022-02-23
415,AU,Mobile,2023-03-20
416,AU,Mobile,2023-09-05
417,CA,Mobile,2022-09-21
418,UK,Desktop,2022-02-22
419,AU,desktop,2023-07-26
420,CA,mobile,2023-09-12
421,AU,mobile,2022-01-05
422,US,Mobile,2022-04-13
423,AU,desktop,2022-07-15
424,UK,Mobile,2022-12-16
425,UK,desktop,2022-02-16
426,AU,Desktop,2023-10-18
427,CA,mobile,2022-09-26
428,US,mobile,2023-01-05
429,AU,mobile,2023-09-28
430,AU,mobile,2022-04-16
431,AU,mobile,2023-11-01
432,AU,mobile,2023-10-21
433,US,desktop,2023-10-19
434,CA,desktop,2022-04-30
435,US,Mobile,2023-08-27
436,AU,Mobile,2022-02-27
437,AU,mobile,2022-12-12
438,AU,desktop,2023-04-19
439,US,desktop,2022-04-27
440,UK,Mobile,2022-05-07
441,AU,mobile,2023-01-28
442,UK,mobile,2023-10-03
443,CA,mobile,2022-02-27
444,US,Mobile,2023-09-26
445,UK,desktop,2023-05-28
446,US,desktop,2022-04-06
447,US,Mobile,2023-09-30
448,US,desktop,2022-04-28
449,US,Desktop,2023-07-14
450,AU,mobile,2023-08-24
451,AU,mobile,2023-05-03
452,AU,Desktop,2022-08-25
453,US,mobile,2022-09-29
454,AU,Desktop,2022-07-08
455,CA,Desktop,12-05-2023
456,UK,desktop,2023-03-23
457,US,desktop,2023-08-04
458,AU,desktop,2022-09-04
459,CA,desktop,2022-03-17
460,UK,mobile,2022-06-03
461,UK,mobile,2023-10-18
462,AU,mobile,2023-03-11
463,US,desktop,2022-03-27
464,AU,mobile,2023-11-28
465,AU,mobile,2022-10-12
466,UK,mobile,2022-08-08
467,UK,desktop,2022-03-10
468,US,Desktop,2022-02-16
469,CA,Desktop,2022-04-04
470,US,Mobile,2023-03-29
471,US,desktop,2022-07-23
472,AU,desktop,2022-08-06
473,,Mobile,2023-04-19
474,AU,Mobile,2023-03-08
475,,mobile,2022-12-07
476,UK,Desktop,2023-07-05
477,AU,mobile,2023-09-04
478,US,mobile,2022-10-16
479,CA,desktop,2022-09-11
480,US,mobile,2022-12-23
481,CA,mobile,2022-01-23
482,,Mobile,2023-06-06
483,US,mobile,2022-04-10
484,AU,desktop,2022-06-29
485,,Mobile,2022-08-11
486,UK,Mobile,2023-10-21
487,AU,Mobile,2023-03-18
488,AU,Mobile,2023-08-31
489,US,Mobile,2022-11-21
490,,desktop,2023-05-31
491,CA,desktop,2022-01-16
492,UK,desktop,2022-12-02
493,AU,desktop,2022-09-15
494,AU,mobile,2023-05-12
495,CA,mobile,2022-06-09
496,AU,Desktop,2023-04-20
497,AU,mobile,2023-10-26
498,AU,mobile,2023-11-21
499,UK,Mobile,06/11/2023
500,,mobile,2023-01-15
501,AU,mobile,2023-06-29
502,US,Desktop,2023-11-22
503,US,Mobile,2023-03-03
504,,mobile,2023-09-05
505,AU,Desktop,2022-09-25
506,US,Desktop,2023-07-31
507,US,mobile,2023-02-21
508,CA,mobile,2022-06-17
509,US,desktop,2022-02-12
510,AU,desktop,2023-07-10
511,US,desktop,2022-10-12
512,UK,desktop,2023-02-01
513,AU,desktop,2022-01-12
514,CA,mobile,2023-08-30
515,AU,desktop,2022-10-29
516,US,mobile,2022-09-10
517,US,desktop,2023-05-14
518,UK,Mobile,2022-02-04
519,AU,mobile,2023-12-28
520,CA,Mobile,2022-03-31
521,UK,mobile,2023-08-28
522,US,mobile,2023-08-25
523,UK,Mobile,2023-02-22
524,UK,mobile,2022-04-25
525,AU,desktop,2023-09-09
526,US,mobile,2022-07-15
527,,desktop,2023-05-16
528,AU,desktop,2023-09-18
529,UK,desktop,2023-05-08
530,,Mobile,2022-03-16
531,AU,Desktop,2023-02-17
532,UK,mobile,2023-01-11
533,US,mobile,2023-02-24
534,US,mobile,2023-12-30
535,AU,mobile,2022-10-04
536,AU,Desktop,2023-11-07
537,UK,mobile,2023-01-29
538,UK,desktop,2023-04-02
539,UK,desktop,2022-07-11
540,US,mobile,2023-11-20
541,AU,Mobile,2022-04-09
542,UK,mobile,2023-07-02
543,AU,Mobile,06/04/2022
544,CA,mobile,2023-10-26
545,UK,Desktop,2023-10-25
546,UK,Desktop,2022-07-09
547,,mobile,2022-02-06
548,AU,mobile,2023-01-04
549,UK,desktop,2023-11-26
550,AU,mobile,2023-06-09
551,CA,desktop,2022-10-06
552,AU,Mobile,2022-08-05
553,UK,mobile,2022-09-30
554,CA,desktop,2022-03-03
555,AU,Mobile,2023-08-19
556,US,Desktop,2023-12-30
557,UK,Desktop,2022-12-08
558,US,mobile,2023-02-01
559,AU,mobile,2023-11-30
560,AU,Desktop,2022-01-19
561,AU,Desktop,2022-06-26
562,CA,mobile,2023-09-04
563,US,desktop,2023-01-31
564,AU,Mobile,2023-03-21
565,US,mobile,2022-08-21
566,AU,desktop,2022-03-17
567,AU,mobile,2022-09-22
568,US,Desktop,2023-03-31
569,AU,mobile,2023-12-19
570,AU,Mobile,2023-01-19
571,UK,mobile,2023-07-18
572,AU,Mobile,2023-05-21
573,US,desktop,2023-01-02
574,US,mobile,2022-05-24
575,US,Mobile,2022-03-10
576,UK,Mobile,09.04.2022
577,US,mobile,2023-01-31
578,CA,desktop,2022-01-25
579,UK,mobile,2023-04-14
580,US,Mobile,2023-04-29
581,UK,Mobile,2023-07-19
582,US,Mobile,2022-05-31
583,AU,mobile,2022-05-24
584,AU,mobile,2023-07-23
585,AU,Mobile,2022-02-08
586,CA,desktop,2022-04-19
587,UK,desktop,2023-11-24
588,,Mobile,2022-02-11
589,US,mobile,2022-07-05
590,US,mobile,2023-02-02
591,AU,mobile,2022-08-11
592,UK,mobile,2023-09-26
593,US,mobile,2022-05-13
594,,mobile,2022-06-12
595,AU,mobile,2022-08-03
596,US,mobile,2022-08-23
597,US,mobile,2023-10-20
598,US,mobile,2023-08-11
599,US,mobile,2022-01-09
600,UK,mobile,2022-03-15
601,AU,Mobile,2023-05-07
602,UK,mobile,2022-09-10
603,US,mobile,2022-08-18
604,CA,mobile,2023-06-03
605,CA,mobile,2022-06-23
606,AU,mobile,2023-10-15
607,AU,Mobile,2022-06-17
608,,desktop,2022-06-19
609,US,mobile,2023-01-28
610,CA,mobile,2023-09-26
611,AU,desktop,2022-07-13
612,US,mobile,2023-06-01
613,UK,mobile,2022-01-29
614,,desktop,2022-06-14
615,AU,desktop,2023-02-26
616,UK,mobile,2022-12-05
617,US,Mobile,2023-10-10
618,AU,mobile,2023-05-11
619,UK,mobile,2022-12-31
620,UK,Mobile,2022-12-08
621,,mobile,2023-05-15
622,US,mobile,2023-10-19
623,AU,Desktop,2023-05-26
624,AU,Desktop,2022-11-23
625,US,mobile,2022-08-05
626,AU,Mobile,2022-10-28
627,UK,Mobile,2022-05-12
628,AU,desktop,2022-03-11
629,,mobile,2022-09-09
630,,mobile,2023/02/19
631,US,mobile,2023-03-21
632,,mobile,2022-07-01
633,UK,mobile,2022-06-16
634,US,desktop,2022-04-01
635,AU,desktop,2023-12-15
636,US,mobile,2023-06-15
637,US,Mobile,08.02.2022
638,CA,mobile,2022-05-06
639,US,desktop,2023-03-27
640,CA,Desktop,2022-06-22
641,UK,Desktop,2023-10-15
642,AU,desktop,2022-08-08
643,,mobile,2023-09-30
644,US,mobile,2022-02-27
645,US,Mobile,2023-10-22
646,US,Desktop,2023-04-21
647,AU,mobile,2023-04-01
648,US,mobile,2022-12-27
649,US,desktop,2022-01-01
650,US,mobile,2023-01-22
651,,mobile,2022-12-14
652,US,desktop,2022-07-09
653,AU,mobile,2023-05-20
654,US,mobile,2022-07-10
655,CA,desktop,2023-05-23
656,AU,Mobile,2023-01-04
657,AU,Desktop,2023-02-13
658,AU,mobile,2022-04-27
659,AU,mobile,2022-05-14
660,UK,desktop,2022-02-27
661,UK,Mobile,2023-07-10
662,AU,mobile,2023-11-16
663,UK,desktop,2023-11-03
664,US,mobile,2022-06-22
665,,mobile,2022-05-29
666,,mobile,2022-03-21
667,US,mobile,2022-08-01
668,CA,mobile,2022-07-22
669,UK,Mobile,2022-08-17
670,AU,desktop,2023-11-07
671,AU,Desktop,2022-08-15
672,US,mobile,2023-10-21
673,UK,mobile,2023-06-16
674,,mobile,2023-03-17
675,UK,mobile,06.02.2023
676,CA,desktop,2022-02-16
677,US,desktop,2022-08-21
678,UK,desktop,2022-11-01
679,UK,mobile,2023-06-10
680,AU,mobile,2022-05-23
681,US,Mobile,2023-02-19
682,UK,mobile,28/05/2023
683,AU,Mobile,2023-01-08
684,UK,Desktop,2023-07-20
685,AU,mobile,2022-09-16
686,US,desktop,2023-10-18
687,UK,Mobile,2023-04-16
688,AU,mobile,2022-01-12
689,AU,Mobile,2022-11-26
690,US,mobile,2022-12-24
691,CA,mobile,2023-02-12
692,AU,Mobile,2023-10-30
693,CA,desktop,2023-01-08
694,AU,mobile,2022-01-08
695,,mobile,2022-05-02
696,,desktop,2022-12-14
697,US,desktop,2023-11-07
698,US,desktop,2022-03-31
699,US,mobile,2023-10-10
700,US,Desktop,2023-11-29
701,AU,mobile,2022-11-12
702,AU,Mobile,2022-06-27
703,AU,mobile,2023-06-24
704,US,Mobile,2022-02-10
705,AU,mobile,2023-12-05
706,US,mobile,2023-05-17
707,,mobile,2022-05-25
708,US,mobile,2022-07-20
709,US,Mobile,2023-12-25
710,US,desktop,2023-04-06
711,CA,Desktop,2023-07-12
712,CA,mobile,2023-07-01
713,CA,desktop,2022-09-10
714,,desktop,2023-01-25
715,AU,mobile,2023-08-17
716,UK,mobile,2022-09-13
717,UK,desktop,2023-12-10
718,AU,Desktop,2023-03-26
719,,Mobile,2022-01-10
720,AU,mobile,2022-08-30
721,UK,Mobile,2022-09-08
722,AU,mobile,2022-01-05
723,US,desktop,2022-04-29
724,UK,desktop,2023-01-09
725,US,mobile,2022-03-06
726,US,desktop,2022-05-26
727,AU,mobile,2022-08-12
728,UK,Desktop,2022-08-27
729,AU,mobile,2022-06-26
730,US,mobile,2022-10-09
731,CA,mobile,2022-03-04
732,CA,mobile,2022-08-05
733,US,mobile,2023-11-20
734,UK,Mobile,2023-04-06
735,UK,Mobile,2023-09-02
736,CA,desktop,2022-04-15
737,US,mobile,2022-04-09
738,AU,Mobile,2023-05-26
739,AU,mobile,2023-01-20
740,AU,desktop,2023-02-09
741,US,mobile,2023-06-02
742,AU,Desktop,2023-04-21
743,US,desktop,2023-12-10
744,AU,Mobile,2023-10-07
745,AU,mobile,2023-03-13
746,CA,mobile,2022-01-23
747,US,mobile,2023-07-19
748,AU,desktop,2023-11-08
749,UK,Desktop,2023-12-15
750,AU,mobile,2023-04-03
751,UK,Mobile,2022-03-24
752,UK,desktop,2022-05-25
753,AU,Mobile,2022-03-26
754,UK,mobile,2022-03-19
755,US,mobile,2023-04-02
756,US,mobile,2022-01-01
757,AU,desktop,2022-02-20
758,AU,Mobile,2023-11-16
759,,Mobile,2023-12-18
760,US,Desktop,2023-03-22
761,US,Mobile,2023-03-25
762,US,desktop,2023-05-03
763,US,Mobile,2022-02-03
764,AU,mobile,2022-12-14
765,AU,Desktop,2022-04-05
766,UK,Mobile,2022-03-13
767,AU,mobile,2023-07-05
768,AU,mobile,03.06.2022
769,AU,mobile,2022-09-07
770,US,Mobile,2023-11-05
771,CA,desktop,2023-03-14
772,AU,Desktop,2022-04-28
773,AU,Desktop,2022-11-02
774,AU,mobile,2022-09-25
775,UK,mobile,2022-02-23
776,US,mobile,2022-08-24
777,US,desktop,2023-01-24
778,UK,mobile,2023-02-05
779,US,Mobile,2023-09-16
780,CA,desktop,2022-10-30
781,UK,mobile,2022-07-26
782,AU,mobile,2022-08-17
783,AU,Desktop,2023-08-01
784,AU,Desktop,2022-03-16
785,AU,mobile,2023-03-11
786,,Mobile,2022-04-13
787,US,Desktop,2023-02-26
788,AU,mobile,2023-12-05
789,UK,mobile,2022-11-02
790,US,mobile,2022-04-08
791,AU,Mobile,2022-12-01
792,US,mobile,2023-03-11
793,US,mobile,2023-03-23
794,UK,mobile,2022-11-04
795,AU,Mobile,2022-09-06
796,AU,Desktop,2022-06-15
797,US,desktop,2023-04-26
798,AU,desktop,2022/12/01
799,US,Mobile,2023-06-26
800,US,mobile,2022-04-16
801,AU,mobile,2023-07-17
802,,Desktop,2022-03-22
803,US,mobile,2022-05-13
804,AU,mobile,2022-05-18
805,US,desktop,2022-07-03
806,UK,mobile,2023-02-05
807,UK,mobile,2022-11-26
808,AU,Desktop,2023-05-23
809,,desktop,2022-03-10
810,US,mobile,2023-06-30
811,AU,Desktop,2022-02-22
812,AU,desktop,2023-03-26
813,AU,desktop,2022-07-24
814,UK,mobile,2022-05-06
815,AU,mobile,2022-02-12
816,AU,Mobile,2022-04-21
817,CA,desktop,2023-10-25
818,AU,Mobile,2022-07-02
819,AU,mobile,2022-04-05
820,AU,mobile,2023-01-09
821,AU,desktop,2023-06-04
822,AU,mobile,2022-12-26
823,UK,Mobile,2023-11-27
824,AU,mobile,2022-10-08
825,AU,mobile,2022-07-14
826,UK,desktop,2022-07-14
827,UK,desktop,2023-10-29
828,US,mobile,2022-04-03
829,US,mobile,2023-11-03
830,AU,desktop,2022-03-02
831,US,mobile,2023-09-26
832,US,Mobile,2022-02-20
833,US,Desktop,2023-02-07
834,CA,mobile,2022-01-05
835,AU,Desktop,2023-04-11
836,UK,mobile,2023-08-27
837,AU,Mobile,2023-11-13
838,UK,mobile,2023-06-18
839,US,Desktop,2023-02-09
840,CA,mobile,2023-05-28
841,AU,mobile,2023-10-07
842,US,Desktop,2022-08-21
843,US,Mobile,2023-06-08
844,UK,Mobile,2022-12-12
845,US,mobile,2022-02-15
846,US,desktop,2023-06-30
847,US,mobile,2022-03-19
848,AU,mobile,2023-12-31
849,US,Mobile,2022-03-14
850,AU,mobile,2022-09-06
851,,Desktop,2022-02-16
852,UK,Desktop,01/05/2022
853,,desktop,2022-08-02
854,AU,desktop,2022-08-27
855,CA,desktop,2022-02-25
856,UK,mobile,2022-12-16
857,UK,desktop,2022-04-17
858,US,mobile,2022-02-17
859,AU,mobile,2023-07-27
860,UK,desktop,2022-12-03
861,US,Mobile,2022-01-26
862,AU,desktop,2022-09-14
863,AU,mobile,2022-01-08
864,,Mobile,2023-09-17
865,CA,mobile,2022-09-10
866,,Mobile,2023-11-23
867,US,desktop,2023-12-20
868,AU,Mobile,2022-10-30
869,AU,mobile,2023-10-01
870,AU,mobile,2022-02-25
871,AU,mobile,2023-12-27
872,US,Mobile,2023-06-10
873,AU,Desktop,2023-04-19
874,US,mobile,2022-01-28
875,,desktop,2022-03-19
876,US,desktop,2022-08-04
877,CA,Mobile,2023-01-21
878,US,desktop,2022-12-31
879,AU,desktop,2023-10-28
880,AU,mobile,2023-06-10
881,AU,mobile,30/11/2023
882,AU,mobile,2022-11-08
883,UK,Desktop,2022-01-07
884,AU,Desktop,2022-01-03
885,AU,desktop,2023-09-15
886,US,mobile,2022-12-29
887,,mobile,2023-05-23
888,UK,mobile,2022-10-01
889,UK,mobile,2023-05-21
890,AU,Mobile,2022-01-15
891,UK,Desktop,2022-07-11
892,UK,Desktop,2023-09-23
893,US,desktop,2023-04-30
894,,mobile,2022-01-28
895,AU,mobile,2023-12-15
896,,mobile,2022-02-08
897,CA,desktop,2022-09-30
898,AU,desktop,2022-08-19
899,US,mobile,2022-03-27
900,,mobile,2023-04-19
901,AU,mobile,2022-05-06
902,US,mobile,2023-06-21
903,,Mobile,2022-05-25
904,US,mobile,2023-06-09
905,AU,Mobile,2022-07-31
906,US,desktop,2022-01-25
907,AU,Mobile,2023-08-03
908,US,mobile,2023-01-29
909,AU,mobile,2022-03-08
910,US,Mobile,2022-08-21
911,US,mobile,2022-04-19
912,UK,mobile,2022-05-26
913,US,Mobile,2022-04-21
914,US,Mobile,2022-08-16
915,UK,desktop,2022-04-21
916,AU,mobile,2023-04-15
917,US,desktop,2022-02-03
918,AU,mobile,2023-09-15
919,,mobile,2023-01-04
920,AU,Mobile,2023-08-18
921,US,Mobile,2023-07-08
922,UK,Desktop,2023-03-01
923,US,desktop,2023-09-05
924,AU,Desktop,2023-06-02
925,US,Desktop,2023-11-23
926,US,Mobile,2022-10-09
927,UK,Mobile,2022-11-16
928,AU,Mobile,2023-03-19
929,US,Desktop,2022-11-11
930,US,desktop,2023-01-12
931,UK,mobile,2022-10-16
932,US,desktop,2023-03-13
933,US,mobile,2023-10-24
934,AU,mobile,2022-10-04
935,AU,mobile,2023-12-11
936,AU,desktop,2023-08-05
937,AU,desktop,2023-05-18
938,US,mobile,2023-09-16
939,US,mobile,2023-05-31
940,AU,mobile,2022-12-16
941,,desktop,2023-03-22
942,AU,mobile,2022-12-16
943,UK,mobile,2023-08-30
944,US,mobile,2023-10-26
945,AU,Mobile,2022-05-17
946,AU,mobile,2022-08-31
947,US,desktop,2023-06-27
948,US,mobile,2022-02-09
949,,desktop,2022-08-17
950,US,mobile,2023-07-02
951,,Mobile,2022-08-11
952,AU,mobile,2022-01-06
953,UK,desktop,2022-11-18
954,US,Desktop,2023-04-13
955,UK,Desktop,2022-03-16
956,AU,Mobile,2022-01-04
957,UK,Mobile,2023-10-08
958,US,desktop,2022-04-28
959,UK,desktop,2023-08-29
960,AU,mobile,2023-05-19
961,CA,desktop,2023-07-28
962,AU,mobile,2023-03-17
963,UK,mobile,2022-07-13
964,CA,mobile,2023-12-16
965,UK,mobile,2023-01-27
966,US,Mobile,2022-01-26
967,US,mobile,2023-03-11
968,,mobile,2022-06-22
969,AU,mobile,2022-10-27
970,US,Mobile,07/10/2023
971,UK,desktop,2022-11-22
972,UK,mobile,2023-02-14
973,AU,mobile,2022-04-28
974,US,mobile,2023-12-25
975,UK,Desktop,2022-08-13
976,AU,Mobile,2023-06-16
977,CA,Mobile,2022-04-23
978,AU,mobile,2022-05-20
979,AU,desktop,2023-07-13
980,AU,Mobile,2022-01-01
981,AU,mobile,2022-03-31
982,CA,mobile,2023-10-16
983,AU,mobile,2022-11-16
984,US,desktop,2023-07-04
985,AU,desktop,2022-05-19
986,US,Mobile,2023-05-26
987,US,desktop,2022-09-16
988,AU,mobile,2023-11-04
989,AU,Mobile,2023-11-21
990,CA,desktop,2022-01-10
991,US,mobile,2022-09-18
992,US,desktop,2023-10-12
993,AU,mobile,2022-06-21
994,UK,mobile,2022-01-13
995,US,Mobile,2022-06-17
996,US,Mobile,2023-10-04
997,AU,desktop,2023-08-19
998,,mobile,2022-11-17
999,AU,desktop,2022-11-15
1000,UK,Mobile,2023-09-05
1001,US,Mobile,2022-11-25
1002,AU,Desktop,2023-07-04
1003,UK,desktop,2023-02-23
1004,AU,mobile,2023-08-29
1005,CA,desktop,2022-04-05
1006,CA,mobile,2023-08-04
1007,CA,mobile,2022-11-14
1008,AU,mobile,2022-08-24
1009,UK,Desktop,2022-11-30
1010,US,mobile,2023-01-11
1011,CA,desktop,2023-04-04
1012,US,mobile,2022-05-17
1013,UK,desktop,2023-08-11
1014,US,Mobile,2023-07-01
1015,US,desktop,2023-05-28
1016,AU,mobile,2022-10-23
1017,UK,desktop,2022-11-16
1018,US,Desktop,2023-07-26
1019,US,desktop,2022-12-15
1020,UK,Mobile,2022-08-17
1021,US,Desktop,2022-09-27
1022,AU,mobile,2022-10-18
1023,US,desktop,2023-12-26
1024,US,desktop,2022-06-14
1025,US,mobile,2022-01-05
1026,AU,Mobile,2023-01-14
1027,AU,mobile,2022-03-19
1028,AU,Mobile,2023-02-14
1029,UK,Mobile,2023-07-28
1030,AU,mobile,2022-05-12
1031,US,Mobile,2023-08-24
1032,,mobile,2022-02-11
1033,AU,mobile,2022-03-30
1034,US,mobile,2023-02-06
1035,UK,desktop,2022-10-23
1036,,mobile,2022-10-22
1037,UK,desktop,2023-09-08
1038,UK,Mobile,2023-06-10
1039,UK,mobile,2023-11-22
1040,US,desktop,2023-09-29
1041,UK,Mobile,2023-02-26
1042,AU,Mobile,2022-01-23
1043,,mobile,2023-07-29
1044,US,mobile,2022-05-23
1045,US,mobile,2023-10-27
1046,AU,mobile,2022-05-25
1047,UK,mobile,2022-08-13
1048,AU,mobile,2023-05-18
1049,CA,mobile,2023-09-08
1050,UK,mobile,2022-04-14
1051,AU,mobile,2022-02-08
1052,UK,mobile,2022-07-17
1053,UK,Desktop,2023-10-08
1054,US,mobile,2023-08-02
1055,AU,Mobile,2023-01-26
1056,AU,mobile,2022-06-28
1057,AU,Desktop,2023-07-08
1058,AU,mobile,2023-03-24
1059,CA,Desktop,2023-05-15
1060,AU,Mobile,2022-01-15
1061,UK,mobile,2023-09-15
1062,AU,desktop,2023-10-31
1063,US,Mobile,2022-10-16
1064,UK,mobile,2023-04-23
1065,CA,desktop,2022-08-19
1066,AU,Desktop,2023-02-24
1067,US,Mobile,2022-06-06
1068,US,mobile,2023-07-04
1069,AU,desktop,2023-03-17
1070,AU,desktop,2022-04-07
1071,US,desktop,2023-02-15
1072,US,desktop,2022-10-16
1073,UK,mobile,2022-09-11
1074,US,Desktop,2022-07-15
1075,US,mobile,2023-08-21
1076,US,mobile,2023-06-06
1077,UK,Mobile,2023-06-01
1078,CA,Mobile,2023-09-27
1079,US,mobile,2022-04-28
1080,UK,desktop,2022-06-08
1081,AU,mobile,2022-08-16
1082,US,mobile,2022-08-04
1083,AU,desktop,2023-11-27
1084,US,mobile,2022-01-15
1085,UK,mobile,2022-06-06
1086,CA,mobile,2023-10-10
1087,AU,Desktop,2022-09-18
1088,US,mobile,2022-06-06
1089,US,mobile,2022-02-16
1090,AU,Mobile,2022-11-20
1091,AU,Mobile,2023-11-16
1092,AU,mobile,2022-05-10
1093,AU,Mobile,2023-02-15
1094,AU,mobile,2022-04-05
1095,AU,Desktop,2023-09-19
1096,AU,mobile,2022-10-19
1097,UK,mobile,2022-10-10
1098,US,mobile,2022-03-10
1099,,mobile,2023-10-22
1100,US,desktop,2022-01-11
1101,UK,mobile,2022-09-11
1102,CA,mobile,2023-07-04
1103,UK,desktop,2022-05-14
1104,US,Mobile,2023-12-13
1105,UK,mobile,2022-01-23
1106,AU,mobile,2022-12-12
1107,AU,mobile,2022-10-29
1108,US,mobile,2022-12-29
1109,US,mobile,2023-01-31
1110,AU,Mobile,2022-08-06
1111,,desktop,2022-05-21
1112,UK,mobile,2023-09-08
1113,US,mobile,2022-07-29
1114,,mobile,2023-09-15
1115,US,mobile,2023-09-08
1116,,mobile,2023-11-14
1117,US,Desktop,2023-04-05
1118,AU,desktop,2022-12-22
1119,UK,Desktop,2022-11-20
1120,UK,desktop,2022-05-13
1121,UK,Mobile,2022-05-07
1122,,Mobile,2022-04-16
1123,UK,mobile,2023-08-27
1124,US,Mobile,13/01/2023
1125,CA,Desktop,2022-02-20
1126,UK,mobile,2022-01-29
1127,US,desktop,2023-04-07
1128,CA,mobile,2022-10-23
1129,AU,desktop,2022-10-24
1130,UK,Desktop,2023-12-27
1131,CA,desktop,2023-02-11
1132,UK,desktop,2023-09-05
1133,UK,Mobile,2023-02-09
1134,UK,desktop,2022-12-12
1135,US,Desktop,2023-09-14
1136,CA,desktop,2023-02-24
1137,AU,Mobile,2022-07-01
1138,AU,Mobile,2022-01-01
1139,AU,desktop,2023-07-21
1140,US,Mobile,2023-01-06
1141,US,desktop,2023-10-23
1142,UK,Mobile,2023-03-07
1143,US,mobile,2022-11-05
1144,US,mobile,2022-05-17
1145,AU,mobile,2022-07-21
1146,US,mobile,2023-03-12
1147,US,mobile,2022-11-09
1148,AU,Mobile,2022-04-27
1149,AU,mobile,2023-10-28
1150,AU,mobile,2023-07-29
1151,AU,desktop,2022-09-01
1152,US,Desktop,2023-06-21
1153,AU,desktop,2023-08-25
1154,UK,Desktop,2022-03-16
1155,CA,desktop,2023-01-21
1156,US,mobile,2022-07-29
1157,,desktop,2023-04-20
1158,US,desktop,2023-02-22
1159,US,mobile,2022-12-13
1160,,mobile,2023-06-13
1161,AU,desktop,2023-10-02
1162,,mobile,2022-06-28
1163,AU,Mobile,2022-07-01
1164,US,mobile,2023-10-26
1165,AU,Mobile,2022-01-25
1166,UK,Mobile,2022-06-29
1167,US,mobile,2023-12-11
1168,UK,mobile,2023-05-16
1169,AU,Mobile,2022-06-10
1170,AU,desktop,2022-06-26
1171,AU,desktop,2022-10-12
1172,AU,Mobile,2022-03-04
1173,,desktop,2023-10-24
1174,AU,mobile,2023-10-28
1175,UK,mobile,2022-06-05
1176,CA,mobile,2023-04-14
1177,AU,Mobile,2022-02-18
1178,US,mobile,2022-03-25
1179,AU,mobile,2022-12-27
1180,AU,desktop,2023-11-20
1181,AU,desktop,2022-05-28
1182,US,mobile,2023-09-22
1183,US,mobile,2022-12-08
1184,US,mobile,2023-04-21
1185,US,mobile,2022-03-04
1186,AU,desktop,2023-12-02
1187,UK,mobile,2022-12-26
1188,UK,desktop,2023-07-15
1189,AU,desktop,2022-11-23
1190,AU,mobile,2022-05-21
1191,UK,Desktop,2022-08-03
1192,US,mobile,2023-03-11
1193,UK,mobile,2023-12-24
1194,AU,mobile,2022-11-14
1195,US,mobile,2022-02-01
1196,AU,mobile,2023-11-01
1197,AU,mobile,2022-10-12
1198,US,desktop,2022-11-01
1199,US,Desktop,2023-03-05
1200,UK,desktop,2023-04-22
1201,CA,mobile,2022-10-13
1202,US,desktop,2022-05-24
1203,UK,Mobile,2023-02-28
1204,AU,desktop,2022-01-19
1205,US,desktop,2022-01-18
1206,UK,desktop,2023-08-13
1207,US,mobile,2023-01-06
1208,US,desktop,2022-06-24
1209,AU,mobile,2022-07-13
1210,US,Desktop,2023-05-17
1211,CA,mobile,2022-04-23
1212,CA,mobile,2022-04-24
1213,UK,mobile,2022-08-10
1214,UK,desktop,2023-11-09
1215,US,mobile,2023-10-06
1216,US,mobile,2022-09-21
1217,AU,Desktop,2022-02-24
1218,US,Desktop,2023-10-05
1219,US,mobile,2023-04-03
1220,,mobile,2022-06-11
1221,US,desktop,2023-01-15
1222,US,Desktop,2022-03-28
1223,US,Mobile,2022-02-24
1224,US,Mobile,2023-04-21
1225,UK,mobile,2022-06-27
1226,AU,desktop,2023-01-26
1227,US,Mobile,2022-12-15
1228,UK,Mobile,2022-01-08
1229,US,mobile,2022-11-09
1230,AU,Desktop,2023-03-19
1231,US,Mobile,2022-11-24
1232,UK,mobile,2022-02-23
1233,AU,Mobile,2022-08-27
1234,UK,desktop,2022-08-17
1235,UK,Mobile,2023-08-02
1236,US,desktop,2022-02-20
1237,,Mobile,2023-09-01
1238,UK,Desktop,2023-08-27
1239,UK,mobile,2022-09-21
1240,UK,mobile,2023-02-22
1241,AU,mobile,2022-04-06
1242,AU,desktop,2022-03-29
1243,US,Mobile,2022-03-19
1244,AU,desktop,2022-10-15
1245,US,desktop,2022-04-30
1246,CA,Mobile,2023-05-06
1247,UK,Desktop,28/03/2023
1248,US,mobile,15.05.2023
1249,CA,desktop,06-14-2022
1250,UK,mobile,2022-07-01
1251,US,Mobile,2023-04-14
1252,AU,desktop,2022-01-07
1253,US,Mobile,2022-11-26
1254,UK,mobile,2023-11-04
1255,US,mobile,2022-05-31
1256,UK,Mobile,2022-03-26
1257,AU,desktop,2022-05-27
1258,UK,mobile,2023-09-16
1259,UK,Desktop,2023-01-16
1260,UK,mobile,2023-07-02
1261,,Mobile,2022-10-12
1262,UK,desktop,2023-12-01
1263,CA,Mobile,2022-03-23
1264,,Desktop,2023-05-29
1265,UK,desktop,2023-12-10
1266,UK,Mobile,2023-06-07
1267,AU,mobile,2023-01-21
1268,US,mobile,2023-12-08
1269,US,mobile,2023-04-16
1270,AU,desktop,2022-04-29
1271,AU,mobile,2023-01-31
1272,,mobile,2023-06-16
1273,CA,mobile,2022-09-18
1274,CA,mobile,2022-09-13
1275,US,mobile,2022-08-14
1276,AU,desktop,2022-02-22
1277,AU,desktop,2023-05-15
1278,AU,desktop,2023-05-21
1279,AU,desktop,2022-12-30
1280,AU,mobile,2022-10-07
1281,CA,desktop,2023-08-16
1282,UK,mobile,2023-12-15
1283,AU,mobile,2022-06-07
1284,AU,Mobile,2023-09-24
1285,US,mobile,2022-02-28
1286,AU,desktop,2023-12-28
1287,,mobile,2022-05-08
1288,US,desktop,2023-12-22
1289,US,Mobile,2022-04-25
1290,US,mobile,2022-07-28
1291,AU,desktop,2023-06-10
1292,US,mobile,2023-06-05
1293,UK,Mobile,06.07.2023
1294,UK,mobile,2022-08-25
1295,AU,Mobile,2022-10-08
1296,US,desktop,2022-12-25
1297,US,mobile,2022-07-20
1298,CA,Desktop,2022-10-05
1299,AU,desktop,2022-08-23
1300,AU,desktop,2023-05-09
1301,US,desktop,2022-01-04
1302,US,mobile,2023-10-28
1303,US,desktop,2023-03-18
1304,US,mobile,2022-01-29
1305,US,mobile,2022-04-19
1306,CA,Desktop,2023-09-02
1307,US,Mobile,2023-12-28
1308,,mobile,2022-03-16
1309,US,mobile,2022-05-26
1310,,Mobile,2022-05-08
1311,UK,mobile,2022-02-11
1312,AU,mobile,2022-12-22
1313,CA,mobile,2022-02-10
1314,AU,Mobile,2022-02-03
1315,,Mobile,2022-01-17
1316,US,mobile,2023-11-08
1317,AU,desktop,2022-06-02
1318,US,mobile,2023-01-13
1319,,desktop,2023-08-11
1320,AU,Desktop,2023-08-22
1321,US,desktop,2023-09-21
1322,UK,desktop,2022-12-08
1323,UK,Desktop,2022-01-27
1324,US,Mobile,2022-10-14
1325,AU,desktop,2023-10-08
1326,AU,desktop,2022-06-17
1327,US,mobile,2023-09-02
1328,US,mobile,2022-09-25
1329,,Desktop,2023-03-31
1330,AU,desktop,2023-11-16
1331,UK,mobile,2023-02-05
1332,AU,mobile,2023-04-21
1333,AU,desktop,2023-12-03
1334,US,Mobile,2023-09-26
1335,US,Mobile,2023-07-12
1336,UK,desktop,2023-07-30
1337,CA,Mobile,2022-05-10
1338,US,Mobile,2022-12-29
1339,,desktop,2023-12-06
1340,CA,desktop,2023-11-24
1341,US,Mobile,2022-10-19
1342,UK,mobile,2023-01-06
1343,US,mobile,2022-01-29
1344,AU,Desktop,2022-05-29
1345,UK,mobile,2022-10-23
1346,AU,mobile,2022-01-11
1347,US,Mobile,27.05.2023
1348,UK,desktop,2023-11-07
1349,AU,mobile,2022-04-23
1350,AU,mobile,2022-07-06
1351,CA,mobile,2022-08-15
1352,US,desktop,2022-11-06
1353,AU,mobile,2022-04-08
1354,UK,mobile,2022-02-24
1355,US,mobile,2023-09-15
1356,US,desktop,2023-10-26
1357,,mobile,2023-02-10
1358,UK,mobile,2022-03-10
1359,AU,Mobile,2022-11-08
1360,UK,Desktop,2022-10-16
1361,CA,Mobile,2023-07-02
1362,AU,Desktop,2022-05-28
1363,AU,desktop,2023-04-12
1364,AU,mobile,2022-09-01
1365,UK,desktop,2023-05-06
1366,US,mobile,2023-05-22
1367,US,Mobile,2022-12-31
1368,,mobile,2023-04-27
1369,UK,mobile,2022-07-20
1370,AU,Desktop,2022-06-03
1371,AU,mobile,2023-03-26
1372,US,desktop,2023-05-16
1373,US,mobile,2022-03-14
1374,UK,mobile,2023-12-14
1375,CA,desktop,2022-10-23
1376,AU,Mobile,2022-01-17
1377,US,desktop,2023-10-03
1378,UK,mobile,2022-08-05
1379,US,Mobile,2022-03-02
1380,AU,desktop,2023-09-08
1381,US,Mobile,2022-02-11
1382,AU,Mobile,2022-01-25
1383,,Desktop,2022-02-08
1384,AU,desktop,2022-05-11
1385,US,Desktop,2023-05-13
1386,US,desktop,2022-08-17
1387,,desktop,2022-04-18
1388,AU,mobile,2022-06-21
1389,AU,mobile,2023-03-11
1390,AU,desktop,2023-04-23
1391,AU,mobile,2022-04-12
1392,AU,mobile,2023-06-08
1393,US,mobile,2022-10-02
1394,AU,mobile,2023-09-05
1395,AU,Desktop,2022-02-13
1396,UK,desktop,2022-01-17
1397,AU,Mobile,2022-11-26
1398,AU,mobile,2023-07-23
1399,AU,desktop,2023-05-12
1400,,Mobile,2022-01-12
1401,AU,Desktop,2022-11-14
1402,CA,Mobile,2023-08-15
1403,UK,mobile,2022-08-04
1404,AU,Mobile,2022-12-05
1405,,Desktop,2023-10-23
1406,AU,desktop,2022-03-22
1407,AU,desktop,2023-12-28
1408,UK,mobile,2023-04-30
1409,UK,desktop,2023-01-09
1410,US,desktop,2023-12-11
1411,AU,mobile,2022-07-19
1412,US,Mobile,2023-06-21
1413,UK,mobile,2023-04-11
1414,AU,mobile,2022-03-30
1415,AU,mobile,2022-09-25
1416,AU,mobile,2023-10-17
1417,AU,Mobile,2023-07-25
1418,CA,mobile,2023-05-04
1419,US,mobile,2023/06/22
1420,,desktop,2022-02-16
1421,US,Mobile,2022-10-15
1422,UK,Mobile,2022-01-16
1423,AU,mobile,2023-12-12
1424,AU,desktop,2023-02-05
1425,AU,mobile,2022-03-27
1426,AU,desktop,2022-09-07
1427,US,mobile,2023-01-26
1428,,desktop,2022-12-01
1429,UK,mobile,2023-09-21
1430,AU,desktop,2023-06-03
1431,AU,Mobile,2022-05-17
1432,AU,Mobile,2023-11-19
1433,US,mobile,2023-05-13
1434,UK,Mobile,2023-12-28
1435,,Desktop,2023-04-22
1436,AU,desktop,2023-08-17
1437,US,mobile,2022-08-11
1438,US,mobile,2023-01-07
1439,US,Desktop,2023-02-06
1440,US,Mobile,2023-03-19
1441,UK,desktop,2023-05-05
1442,US,Desktop,2023-09-07
1443,AU,desktop,2022-09-30
1444,UK,Mobile,2023-06-10
1445,AU,mobile,2022-06-08
1446,UK,mobile,2022-06-01
1447,US,desktop,2023-09-12
1448,US,mobile,2022-07-07
1449,CA,mobile,2022-04-08
1450,CA,mobile,2022-05-11
1451,UK,mobile,2022-06-20
1452,US,desktop,2022-07-02
1453,UK,Mobile,2022-12-30
1454,US,Mobile,2022-02-08
1455,CA,mobile,2023-06-11
1456,US,Desktop,2023-05-12
1457,,mobile,2023-05-31
1458,,desktop,2022-12-15
1459,UK,Desktop,2023-02-01
1460,AU,mobile,2023-12-23
1461,AU,Mobile,2022-06-10
1462,CA,Desktop,2022/01/16
1463,AU,mobile,2023-05-08
1464,CA,Mobile,2023-03-02
1465,US,Mobile,2022-04-18
1466,US,mobile,2023-03-26
1467,CA,desktop,2022-11-07
1468,US,desktop,2022-06-19
1469,US,desktop,2023-06-30
1470,US,mobile,2023-02-18
1471,AU,mobile,2022-09-08
1472,UK,Mobile,2022-05-21
1473,AU,mobile,2022-10-01
1474,,desktop,2023-02-20
1475,CA,Mobile,2023-08-31
1476,AU,desktop,2022-02-08
1477,UK,Mobile,2022-01-29
1478,US,mobile,2023-04-22
1479,AU,mobile,2022-11-14
1480,,mobile,2022-09-02
1481,AU,Mobile,2023-11-28
1482,AU,desktop,2022-09-29
1483,US,desktop,2023-03-16
1484,US,desktop,2022-08-27
1485,US,Desktop,2023-01-12
1486,UK,mobile,2022-09-23
1487,US,mobile,2022-12-25
1488,US,mobile,2022-12-06
1489,AU,desktop,2023-01-24
1490,AU,mobile,2023-07-31
1491,AU,desktop,2023-11-20
1492,AU,Mobile,2022-01-03
1493,US,Desktop,2023-03-05
1494,AU,Desktop,2022-05-22
1495,AU,mobile,2023-01-11
1496,AU,Mobile,2023-11-01
1497,,Mobile,2022-11-20
1498,,mobile,2022-05-26
1499,US,mobile,2022-10-20
1500,,desktop,2023-10-27
1501,UK,mobile,2023-03-08
1502,US,Mobile,2023-12-06
1503,AU,desktop,2023-08-08
1504,UK,mobile,2023-02-03
1505,UK,Mobile,2022-12-10
1506,US,mobile,2022-05-20
1507,UK,desktop,2022-07-06
1508,US,mobile,2022-03-02
1509,UK,desktop,2023-01-15
1510,,mobile,2023-12-11
1511,AU,mobile,2023-03-16
1512,UK,mobile,2022-11-15
1513,US,mobile,2022-10-29
1514,UK,mobile,2022-12-10
1515,UK,Mobile,2022-01-11
1516,AU,Mobile,2022-03-03
1517,US,mobile,2022-08-14
1518,AU,mobile,2022-06-02
1519,UK,desktop,2023-12-12
1520,US,Mobile,2023-07-18
1521,UK,mobile,2023-07-25
1522,AU,desktop,2023-08-07
1523,US,mobile,2023-10-22
1524,AU,desktop,2023-07-29
1525,CA,mobile,2022-11-06
1526,,mobile,2022-08-31
1527,,Desktop,2023-05-08
1528,UK,mobile,2023-01-01
1529,UK,desktop,2022-11-26
1530,AU,mobile,2022-04-17
1531,AU,Mobile,14/08/2022
1532,US,desktop,2022-08-06
1533,UK,mobile,2023-05-21
1534,CA,desktop,2022-09-16
1535,AU,Mobile,2023-06-01
1536,,Mobile,2022-02-23
1537,UK,Mobile,2022-02-16
1538,US,desktop,2023-12-28
1539,AU,mobile,2023-11-20
1540,AU,mobile,2023-06-05
1541,US,desktop,2022-04-09
1542,US,desktop,2022-01-20
1543,AU,mobile,2023-07-27
1544,US,Mobile,2023-05-05
1545,CA,Mobile,2023-02-23
1546,UK,mobile,2023-11-21
1547,,mobile,2022-03-03
1548,AU,desktop,2022-05-25
1549,AU,mobile,2022-08-04
1550,UK,desktop,2022-01-03
1551,US,desktop,2022-06-09
1552,AU,mobile,2022-04-30
1553,AU,mobile,2022-03-30
1554,US,mobile,2022-11-25
1555,AU,Mobile,2023-08-03
1556,AU,desktop,2022-12-23
1557,AU,mobile,2023-09-02
1558,AU,Mobile,2022-09-24
1559,US,mobile,2023-09-09
1560,US,mobile,2022-11-19
1561,US,mobile,2023-09-27
1562,AU,mobile,2023-06-25
1563,AU,mobile,11/10/2023
1564,US,mobile,2022-07-14
1565,US,desktop,2022-11-28
1566,US,desktop,2022-06-19
1567,AU,mobile,2023-06-05
1568,CA,mobile,2023-04-08
1569,AU,mobile,2022-02-09
1570,US,mobile,2023-06-21
1571,UK,Mobile,2022-09-18
1572,US,mobile,2023-01-30
1573,AU,mobile,2022-08-14
1574,US,mobile,2022-05-04
1575,UK,mobile,2022-02-07
1576,AU,mobile,2022-11-24
1577,AU,desktop,2022-09-08
1578,AU,mobile,2022-06-25
1579,CA,Mobile,2023-08-25
1580,AU,Mobile,2023-03-30
1581,,desktop,2022-02-06
1582,US,desktop,2022-11-12
1583,,desktop,2023-11-19
1584,,mobile,2023-08-16
1585,US,Mobile,2022-04-24
1586,AU,desktop,2022-02-09
1587,AU,mobile,2022-10-28
1588,AU,Mobile,2022-08-12
1589,UK,desktop,2022-11-14
1590,AU,Mobile,2022/12/15
1591,AU,mobile,2022-04-25
1592,US,mobile,2023-11-29
1593,CA,mobile,2022-11-19
1594,AU,mobile,2023-07-22
1595,AU,desktop,2022-02-09
1596,AU,desktop,2022-02-09
1597,CA,mobile,2022-10-16
1598,US,desktop,2022-09-19
1599,AU,mobile,2022-08-04
1600,AU,mobile,2022-05-27
1601,AU,desktop,2022-12-02
1602,AU,desktop,2022-06-17
1603,,Mobile,2022-04-02
1604,UK,desktop,2022-12-19
1605,US,desktop,2023-07-25
1606,CA,desktop,2023-07-25
1607,AU,mobile,2023-11-12
1608,UK,desktop,2022-12-29
1609,CA,Desktop,2023-07-11
1610,AU,desktop,2022-12-11
1611,UK,mobile,2023-11-24
1612,AU,Mobile,2022-06-19
1613,AU,Mobile,2022-12-22
1614,AU,mobile,2022-07-10
1615,US,Desktop,2023-10-29
1616,UK,mobile,2023-02-26
1617,,mobile,2023-12-01
1618,US,Desktop,2022-01-07
1619,CA,Mobile,2022-05-13
1620,UK,mobile,2023-07-11
1621,AU,Mobile,2022-01-31
1622,US,Mobile,2023-06-19
1623,AU,mobile,2023-03-02
1624,UK,Desktop,2023-01-29
1625,,Mobile,2023-11-03
1626,AU,Mobile,2022-12-29
1627,UK,Mobile,2023-03-13
1628,US,Mobile,2023-11-01
1629,US,mobile,2023-07-05
1630,US,mobile,2022-03-23
1631,AU,Mobile,2022-12-22
1632,AU,desktop,2022-09-15
1633,AU,mobile,2023-12-19
1634,AU,Mobile,2023-08-12
1635,US,desktop,2023-06-08
1636,AU,mobile,2022-10-22
1637,CA,mobile,2022-08-12
1638,US,mobile,2023-06-09
1639,UK,Mobile,2022-02-15
1640,US,mobile,2023-10-29
1641,US,mobile,2022-04-23
1642,,Mobile,2022-08-21
1643,AU,Mobile,2022-01-17
1644,AU,mobile,2022-12-26
1645,UK,mobile,2022-08-11
1646,AU,desktop,2023-12-01
1647,AU,Desktop,2023-03-24
1648,AU,desktop,2022-12-31
1649,AU,Mobile,2023-11-06
1650,US,mobile,2022-11-22
1651,AU,mobile,2023-04-12
1652,CA,mobile,2023-02-18
1653,UK,mobile,2023-03-31
1654,UK,desktop,2023-08-09
1655,US,mobile,2022-08-21
1656,CA,mobile,2022-08-12
1657,AU,Desktop,2023-02-16
1658,CA,mobile,2023-07-26
1659,UK,mobile,2022-12-01
1660,UK,mobile,2022-08-10
1661,US,Mobile,2022-02-06
1662,AU,Mobile,2022-10-05
1663,US,mobile,2022-07-15
1664,UK,Mobile,2023-04-29
1665,AU,desktop,2022-08-30
1666,UK,desktop,2022-11-20
1667,AU,Desktop,2022-07-11
1668,AU,desktop,2022-01-17
1669,AU,Mobile,2023-06-08
1670,AU,mobile,2023-02-05
1671,US,mobile,2023-12-06
1672,AU,mobile,2022-01-22
1673,,desktop,2023-04-19
1674,US,desktop,2022-04-30
1675,AU,Mobile,2022-07-29
1676,UK,mobile,2022-11-02
1677,CA,Mobile,2022-09-27
1678,UK,Desktop,2023-12-05
1679,AU,Mobile,2023-11-18
1680,CA,desktop,2022-10-12
1681,UK,desktop,2023-12-17
1682,AU,Desktop,2023-11-07
1683,AU,desktop,2022-08-15
1684,US,desktop,2023-01-16
1685,AU,mobile,2023-04-05
1686,UK,mobile,2022-01-07
1687,AU,Mobile,2022-01-29
1688,CA,mobile,2022-02-02
1689,US,Desktop,2023-10-08
1690,AU,mobile,2022-03-20
1691,AU,desktop,2023-04-04
1692,US,mobile,2023-07-24
1693,UK,mobile,2023-06-22
1694,UK,Desktop,2023-04-27
1695,AU,mobile,2023-03-06
1696,AU,mobile,2022-10-12
1697,AU,mobile,2023-05-31
1698,UK,desktop,2022-04-09
1699,AU,mobile,2023-02-01
1700,US,Mobile,2023-05-04
1701,US,Mobile,2022-02-08
1702,,desktop,2022-09-28
1703,AU,desktop,2022-06-06
1704,AU,Mobile,2022-03-16
1705,US,mobile,2022-05-10
1706,US,desktop,2023-11-18
1707,AU,mobile,2022-03-25
1708,,Mobile,2022-01-22
1709,CA,mobile,2023-04-04
1710,AU,desktop,2023-06-23
1711,AU,mobile,2023-12-08
1712,US,mobile,2023-01-17
1713,UK,desktop,2023-03-16
1714,AU,Mobile,2023-08-27
1715,UK,mobile,2022-01-21
1716,US,Mobile,2022-10-30
1717,AU,desktop,2022-03-25
1718,UK,Desktop,2023-10-21
1719,,Mobile,2023-03-29
1720,AU,mobile,2023-01-22
1721,AU,mobile,2023-05-22
1722,US,desktop,2022-09-14
1723,CA,desktop,2023-07-24
1724,,mobile,2023-06-11
1725,US,mobile,2022-06-11
1726,UK,desktop,2022-06-12
1727,US,mobile,2023-06-08
1728,US,mobile,2022-09-28
1729,AU,mobile,2023-05-07
1730,AU,mobile,2022-07-27
1731,AU,mobile,2023-06-23
1732,US,desktop,2023-08-07
1733,AU,mobile,2022-03-01
1734,CA,mobile,2023-03-06
1735,AU,mobile,2023-10-19
1736,AU,Mobile,2023-08-28
1737,US,mobile,2022-11-05
1738,UK,Mobile,2023-06-04
1739,AU,desktop,2023-08-14
1740,AU,mobile,2022-01-27
1741,,mobile,2023-11-17
1742,AU,mobile,2023-07-16
1743,AU,Mobile,2022-07-18
1744,UK,desktop,2023-01-22
1745,AU,mobile,2022-12-15
1746,US,Desktop,2023-11-24
1747,AU,mobile,2023-06-20
1748,AU,desktop,2023-01-13
1749,AU,Mobile,2023-07-12
1750,AU,desktop,2023-06-11
1751,AU,Mobile,2022-06-02
1752,AU,Mobile,2022-07-25
1753,UK,desktop,2023-03-31
1754,US,desktop,2022-09-30
1755,US,Mobile,2022-08-24
1756,CA,mobile,2023-06-05
1757,US,mobile,2023-11-09
1758,AU,desktop,2023-12-27
1759,,Mobile,2023-05-16
1760,AU,Mobile,2022-04-27
1761,AU,desktop,2023-01-21
1762,UK,desktop,2022-12-10
1763,US,Mobile,2023-08-07
1764,US,desktop,2023-01-30
1765,AU,desktop,2022-03-05
1766,US,mobile,2023-12-18
1767,AU,mobile,2023-12-22
1768,CA,desktop,2022-03-13
1769,AU,mobile,2022-10-01
1770,CA,Desktop,2022-11-16
1771,US,mobile,2022-12-04
1772,UK,mobile,2023-01-01
1773,UK,Desktop,2023-05-10
1774,UK,Mobile,2023-08-30
1775,AU,mobile,2022-06-15
1776,AU,desktop,2023-06-28
1777,AU,desktop,2022-01-11
1778,CA,Mobile,2022-10-28
1779,UK,mobile,2023-12-30
1780,US,desktop,2022-04-12
1781,AU,desktop,2023-03-01
1782,US,mobile,2023-01-27
1783,US,desktop,2022-08-02
1784,US,desktop,2023-11-22
1785,UK,Mobile,2022-03-29
1786,,desktop,2023-07-07
1787,AU,mobile,2023-02-05
1788,US,mobile,2023-08-11
1789,US,desktop,2022-02-15
1790,AU,desktop,2023-11-03
1791,AU,desktop,2023-04-08
1792,AU,Mobile,2023-08-15
1793,CA,mobile,2022-11-06
1794,US,mobile,2022-03-27
1795,US,mobile,2022-04-02
1796,CA,mobile,2023-10-22
1797,UK,Mobile,2023-11-04
1798,AU,mobile,2023-12-15
1799,US,desktop,2022-08-30
1800,US,mobile,2022-01-02
1801,UK,Mobile,2022-08-13
1802,UK,Mobile,2023-08-12
1803,UK,mobile,2022-04-26
1804,AU,mobile,2023-10-28
1805,UK,mobile,2022-04-13
1806,AU,desktop,2022-07-13
1807,AU,mobile,2022-06-15
1808,AU,desktop,2022-03-31
1809,AU,Desktop,2023-11-17
1810,AU,desktop,2022-05-02
1811,UK,mobile,2022-05-23
1812,,Desktop,2022-04-16
1813,AU,mobile,2023-03-04
1814,AU,Mobile,2022-11-01
1815,AU,desktop,2022-11-13
1816,AU,Mobile,2023-09-27
1817,AU,mobile,2022-01-09
1818,,mobile,2022-03-14
1819,AU,mobile,2022-12-25
1820,US,Mobile,2022-08-11
1821,AU,mobile,2023-02-20
1822,CA,Desktop,2023-07-07
1823,UK,Desktop,2023-01-05
1824,,desktop,2023-12-17
1825,UK,mobile,2022-09-21
1826,AU,desktop,2023-11-21
1827,AU,Desktop,2022-11-14
1828,UK,desktop,2022-03-25
1829,AU,mobile,2022-11-14
1830,US,mobile,2022-04-21
1831,AU,mobile,2022-09-08
1832,AU,Mobile,2023-01-18
1833,US,Mobile,2022-01-07
1834,US,desktop,2023-04-04
1835,UK,mobile,2022-03-25
1836,AU,mobile,2022-07-27
1837,US,mobile,2023-01-25
1838,AU,mobile,2022-11-10
1839,AU,mobile,2022-01-22
1840,US,desktop,2023-02-14
1841,AU,Mobile,2023-05-30
1842,AU,desktop,2022-05-07
1843,AU,mobile,2023-12-01
1844,AU,mobile,2022-01-14
1845,AU,Mobile,2022-01-12
1846,AU,desktop,2022-03-28
1847,AU,mobile,2023-06-08
1848,AU,desktop,2023-06-21
1849,US,mobile,2022-10-28
1850,AU,desktop,2022-08-31
1851,AU,desktop,2022-05-02
1852,AU,mobile,2022-05-27
1853,UK,desktop,2023-07-21
1854,CA,mobile,2022-12-22
1855,UK,desktop,2023-11-16
1856,UK,mobile,2023-09-23
1857,US,Mobile,2022-11-05
1858,UK,desktop,2023-11-26
1859,US,desktop,2022-10-15
1860,AU,mobile,2022-11-03
1861,AU,desktop,2023-08-17
1862,AU,mobile,2023-12-24
1863,CA,mobile,2023-10-24
1864,US,desktop,2023-07-03
1865,UK,mobile,2022-12-18
1866,AU,mobile,2022-11-08
1867,US,desktop,2022-02-28
1868,AU,mobile,2023-10-05
1869,AU,desktop,2023-12-15
1870,UK,mobile,2022-02-04
1871,US,mobile,2023-03-21
1872,AU,mobile,2022-04-03
1873,UK,Mobile,2022-07-26
1874,AU,desktop,2022-12-19
1875,,mobile,2022-11-28
1876,AU,mobile,2023-12-26
1877,AU,Desktop,2022-06-08
1878,AU,mobile,2022-01-24
1879,AU,desktop,2023-02-08
1880,AU,mobile,2023-05-31
1881,US,desktop,2022-12-30
1882,CA,mobile,2023-01-17
1883,UK,desktop,2023-06-16
1884,AU,desktop,2022-06-01
1885,US,mobile,2023-07-16
1886,AU,mobile,2023-11-20
1887,AU,desktop,2023-08-31
1888,US,Mobile,2023-09-09
1889,US,mobile,2023-02-24
1890,AU,mobile,2022-09-07
1891,AU,desktop,2022-04-27
1892,,mobile,2023-05-27
1893,AU,Mobile,2023-08-01
1894,US,Mobile,2022-12-01
1895,US,desktop,2023-02-22
1896,AU,Desktop,22.10.2022
1897,AU,Desktop,2023-01-06
1898,AU,mobile,2022-07-05
1899,UK,desktop,2022-09-03
1900,US,mobile,2023-09-29
1901,US,Mobile,2022-09-25
1902,,Mobile,2023-10-05
1903,UK,mobile,2022-08-25
1904,US,Desktop,2023-06-14
1905,US,mobile,2023/07/06
1906,US,desktop,2022-01-21
1907,UK,desktop,2023-06-04
1908,US,desktop,2022-04-10
1909,US,mobile,2023-04-23
1910,AU,mobile,2023-08-22
1911,US,desktop,2022-10-25
1912,AU,mobile,2023-06-10
1913,AU,Mobile,2022-11-30
1914,AU,mobile,2022-01-02
1915,US,Mobile,2023-01-10
1916,US,desktop,2022-10-20
1917,AU,Mobile,2023-07-07
1918,US,Mobile,2022-11-14
1919,US,mobile,2023-05-17
1920,AU,Mobile,2023-01-16
1921,US,mobile,2023-09-15
1922,UK,mobile,2022-01-14
1923,UK,mobile,2023-05-19
1924,US,Mobile,2022-08-19
1925,US,Mobile,2022-03-25
1926,AU,mobile,2022-05-10
1927,AU,mobile,2022-05-25
1928,AU,mobile,2022-01-28
1929,,Desktop,2022-03-07
1930,AU,Mobile,2022-06-12
1931,AU,mobile,2022-08-17
1932,CA,mobile,2022-09-18
1933,,Desktop,2023-03-25
1934,UK,mobile,2023-02-28
1935,AU,desktop,2023-04-05
1936,AU,mobile,2023-11-07
1937,AU,Desktop,2022-10-28
1938,AU,desktop,2022-10-30
1939,AU,Mobile,2022-10-14
1940,US,mobile,2023-01-30
1941,,mobile,2022-01-10
1942,AU,mobile,2023-12-08
1943,UK,Mobile,2023-09-22
1944,US,mobile,2022-09-27
1945,AU,mobile,2023-08-15
1946,US,Mobile,2023-08-28
1947,AU,Mobile,2022-12-27
1948,AU,mobile,2022-09-14
1949,UK,mobile,2022-05-13
1950,AU,Desktop,2022-10-03
1951,,Mobile,2023-11-14
1952,AU,desktop,2023-05-28
1953,US,Mobile,2022-11-09
1954,US,mobile,2023-07-30
1955,AU,mobile,2022-10-11
1956,AU,mobile,2022-05-01
1957,US,desktop,2022-04-17
1958,UK,desktop,2023-11-18
1959,CA,mobile,2022-07-23
1960,US,Desktop,2022-06-14
1961,UK,mobile,2022-11-01
1962,UK,Desktop,2023-05-12
1963,UK,Desktop,2023-09-24
1964,US,mobile,2023-07-10
1965,US,mobile,2022-06-05
1966,UK,Mobile,2023-01-02
1967,US,desktop,2023-12-20
1968,UK,Mobile,2023-09-12
1969,US,Desktop,2022/09/08
1970,AU,desktop,2022-11-30
1971,AU,mobile,2023-10-04
1972,AU,mobile,2023-05-26
1973,US,desktop,2022-10-20
1974,UK,mobile,2022-01-20
1975,AU,desktop,2022-10-09
1976,UK,mobile,2022-01-01
1977,CA,mobile,2022-04-29
1978,AU,mobile,2022-02-04
1979,CA,desktop,2022-07-17
1980,,mobile,2023-04-30
1981,UK,desktop,2022-02-28
1982,UK,Mobile,2022-06-10
1983,,desktop,2023-11-22
1984,US,Mobile,2022-07-25
1985,AU,mobile,2022-01-12
1986,UK,desktop,2023-05-05
1987,US,mobile,2022-10-03
1988,US,Mobile,2023-11-24
1989,AU,mobile,2022-08-30
1990,UK,desktop,2022-08-04
1991,AU,Desktop,2022-09-08
1992,,Mobile,2022-05-06
1993,AU,Mobile,2022-08-05
1994,AU,desktop,2022-11-02
1995,US,mobile,2022-07-04
1996,AU,Desktop,2022-02-08
1997,UK,mobile,2022-08-11
1998,CA,Desktop,2022-07-03
1999,UK,desktop,2023-05-10
2000,AU,desktop,2023-03-03
2001,AU,desktop,2022-06-27
2002,UK,Mobile,2023-03-04
2003,,Mobile,2022-10-21
2004,US,mobile,2022-05-31
2005,US,Mobile,2023-01-19
2006,AU,Mobile,2023-09-30
2007,CA,desktop,2022-11-04
2008,US,Mobile,2022-12-02
2009,AU,mobile,2023-01-10
2010,AU,mobile,2022-01-08
2011,CA,desktop,2022-12-07
2012,AU,mobile,2022-05-09
2013,AU,mobile,2023-10-31
2014,US,desktop,2022-12-18
2015,AU,Mobile,2022-12-24
2016,AU,Mobile,2023-06-01
2017,UK,mobile,2023-05-10
2018,CA,desktop,2022-03-27
2019,UK,mobile,2022-06-24
2020,CA,desktop,2022-07-12
2021,US,mobile,2022-11-07
2022,UK,desktop,2022-04-29
2023,US,Mobile,2022-08-06
2024,UK,mobile,2023-03-03
2025,,Mobile,2023-02-18
2026,AU,Mobile,2022-04-24
2027,US,mobile,2022-05-25
2028,US,desktop,2023-06-22
2029,AU,mobile,2023-10-10
2030,AU,Desktop,2022-10-30
2031,UK,desktop,2023-08-11
2032,,mobile,2022-12-11
2033,US,desktop,2022-01-01
2034,AU,mobile,2022-05-27
2035,AU,mobile,2022-10-14
2036,CA,Desktop,2023-10-16
2037,US,desktop,2022-02-22
2038,AU,Mobile,2022-10-31
2039,US,mobile,2022-03-10
2040,AU,mobile,2022-12-27
2041,US,Desktop,2023-08-25
2042,CA,mobile,2022-08-08
2043,US,mobile,2023-12-05
2044,UK,Mobile,2023-07-29
2045,AU,Mobile,2023-08-08
2046,UK,Mobile,2022-06-10
2047,UK,mobile,2023-11-12
2048,AU,mobile,2022-03-30
2049,US,mobile,2023-11-19
2050,AU,Desktop,2023-08-08
2051,UK,mobile,2023-08-12
2052,US,desktop,2022-06-08
2053,,desktop,2023-05-04
2054,AU,desktop,2022-11-20
2055,UK,desktop,2023-09-02
2056,UK,mobile,2023-01-16
2057,UK,mobile,2022-04-12
2058,AU,Mobile,2023-05-09
2059,US,mobile,2023-10-06
2060,UK,desktop,2023-09-06
2061,AU,Mobile,2022-01-19
2062,AU,desktop,2023-03-30
2063,US,mobile,2023-04-27
2064,US,Desktop,2023-08-17
2065,AU,mobile,2023-02-01
2066,AU,Mobile,2022-10-06
2067,AU,mobile,2022-12-31
2068,UK,desktop,2022-11-27
2069,US,mobile,2023-10-03
2070,UK,Desktop,2022-12-10
2071,,Desktop,2023-03-31
2072,US,desktop,2023-08-24
2073,AU,mobile,2023-12-26
2074,AU,desktop,2023-10-17
2075,AU,desktop,2022-03-06
2076,,mobile,2022-03-17
2077,US,mobile,2023-12-12
2078,AU,mobile,2022-05-23
2079,US,mobile,2023-08-28
2080,US,Mobile,2023-04-18
2081,US,Desktop,2023-02-21
2082,AU,mobile,2022-11-01
2083,,Mobile,2023-05-12
2084,US,Desktop,2022-10-18
2085,AU,mobile,2022-04-12
2086,CA,desktop,2022-09-24
2087,AU,Mobile,14/09/2023
2088,CA,Mobile,2022-01-03
2089,,mobile,26/03/2022
2090,UK,Mobile,2022-11-24
2091,UK,mobile,2023-03-26
2092,AU,desktop,2023-03-30
2093,,mobile,2023-09-21
2094,US,desktop,2022-08-09
2095,UK,mobile,2022-06-03
2096,,mobile,2023-10-27
2097,,desktop,2022-01-12
2098,UK,mobile,2022-05-13
2099,AU,desktop,2022-10-31
2100,,Desktop,2022-10-20
2101,US,desktop,2022-10-27
2102,,mobile,2022-02-12
2103,UK,Mobile,2022-12-09
2104,AU,desktop,2022-11-22
2105,AU,desktop,2023-05-13
2106,US,mobile,2022-12-30
2107,UK,Mobile,2023-03-03
2108,AU,Mobile,2022-01-21
2109,US,mobile,2023-02-11
2110,AU,mobile,2023-09-11
2111,UK,mobile,2022-12-02
2112,US,desktop,2022-04-27
2113,AU,Desktop,2022-05-04
2114,AU,Mobile,2023-02-03
2115,AU,mobile,2023-12-16
2116,US,mobile,2022-02-20
2117,AU,Desktop,2022-11-20
2118,AU,Desktop,2022-05-21
2119,,Desktop,2023-04-15
2120,CA,desktop,2022-11-30
2121,US,mobile,08/01/2023
2122,,desktop,2023-07-18
2123,AU,mobile,2023-05-09
2124,US,mobile,2023-06-23
2125,US,desktop,2023-10-31
2126,US,mobile,2022-06-05
2127,US,mobile,2022-10-18
2128,US,mobile,2023-10-10
2129,US,mobile,2022-05-24
2130,UK,desktop,2022-04-16
2131,AU,mobile,2023-02-24
2132,AU,mobile,2023-11-01
2133,AU,mobile,2023-10-20
2134,AU,mobile,2022-01-02
2135,US,mobile,2023-08-12
2136,AU,desktop,2023-10-06
2137,CA,mobile,2022-03-31
2138,AU,desktop,2022-12-11
2139,AU,Desktop,2022-12-16
2140,UK,desktop,2023-04-04
2141,AU,mobile,2022-09-20
2142,US,mobile,2022-12-17
2143,UK,desktop,2022-04-18
2144,AU,Mobile,2023-08-09
2145,AU,desktop,2022-02-08
2146,AU,desktop,2022-06-08
2147,AU,Desktop,2023-08-06
2148,AU,Desktop,2022-11-08
2149,AU,Mobile,2022-08-29
2150,AU,mobile,2023-03-21
2151,US,Desktop,2022-10-25
2152,UK,Mobile,2022-02-05
2153,US,mobile,2022-03-25
2154,AU,Mobile,2023-03-28
2155,AU,Mobile,2023-01-20
2156,CA,desktop,2022-06-21
2157,US,desktop,2023-01-11
2158,CA,mobile,2023-11-16
2159,AU,Desktop,2022-12-28
2160,US,desktop,2023-07-13
2161,US,Mobile,2022-05-21
2162,AU,mobile,2022-04-28
2163,US,mobile,2022-10-04
2164,US,desktop,2023-12-27
2165,AU,mobile,2022-08-08
2166,AU,mobile,2022-01-26
2167,UK,desktop,2023-06-05
2168,CA,Mobile,2022-01-10
2169,AU,mobile,2023-01-13
2170,AU,mobile,2023-09-25
2171,AU,mobile,2023/09/29
2172,UK,desktop,2023-11-13
2173,AU,mobile,2023-08-07
2174,,mobile,2022-06-01
2175,AU,desktop,2023-12-21
2176,US,Desktop,2022-02-18
2177,US,Mobile,2022-06-03
2178,UK,mobile,2022-10-20
2179,US,mobile,2023-08-03
2180,US,desktop,2022-02-19
2181,,mobile,2023-10-26
2182,AU,Mobile,2023-06-15
2183,CA,mobile,2023-09-04
2184,AU,mobile,2022-03-01
2185,UK,desktop,2022-06-16
2186,US,desktop,2022-07-21
2187,AU,desktop,2022-05-26
2188,CA,mobile,2023-11-07
2189,AU,mobile,2023-03-15
2190,AU,Mobile,2022-08-30
2191,US,Mobile,2023-08-04
2192,AU,mobile,2023-11-18
2193,US,mobile,2023-07-15
2194,AU,mobile,2023-04-28
2195,AU,Desktop,2022-04-18
2196,AU,desktop,2022-08-14
2197,AU,Desktop,2023-11-04
2198,US,mobile,2023-09-23
2199,UK,Desktop,2023-10-23
2200,CA,mobile,2023-10-24
2201,UK,Mobile,2023-03-08
2202,AU,desktop,2023-10-17
2203,US,mobile,2023-02-23
2204,AU,mobile,2023-03-31
2205,AU,mobile,2022-06-09
2206,US,mobile,2023-06-07
2207,AU,Mobile,2023-10-12
2208,AU,desktop,2023-08-13
2209,,desktop,2022-03-18
2210,US,Mobile,2023-05-24
2211,US,Mobile,2023-03-17
2212,AU,mobile,2022-09-11
2213,AU,mobile,2022-11-16
2214,CA,Desktop,2022-09-20
2215,AU,mobile,2023-08-20
2216,US,desktop,2023-10-20
2217,AU,mobile,07-08-2023
2218,US,desktop,2023-01-09
2219,AU,desktop,2023-09-29
2220,UK,mobile,2022-06-16
2221,UK,mobile,2023-04-04
2222,UK,desktop,2022-10-07
2223,AU,mobile,2023-12-01
2224,UK,mobile,2022-10-29
2225,US,desktop,2023-06-15
2226,AU,mobile,2023-08-03
2227,US,desktop,2022-08-06
2228,AU,Mobile,2022-04-12
2229,AU,mobile,2023-07-08
2230,UK,desktop,2022-10-15
2231,AU,Mobile,2022-06-16
2232,US,mobile,2023-09-13
2233,US,mobile,2022-02-05
2234,CA,mobile,2022-12-19
2235,,mobile,2023-11-07
2236,CA,mobile,2022-03-14
2237,AU,mobile,2023-10-10
2238,AU,mobile,2022-12-19
2239,US,desktop,2022-03-11
2240,AU,desktop,2023-03-01
2241,AU,Mobile,2023-12-09
2242,US,desktop,2023-07-15
2243,US,desktop,2023-10-04
2244,,Mobile,2023-06-01
2245,AU,Mobile,2023-03-04
2246,AU,mobile,2023-06-23
2247,AU,desktop,2022-06-09
2248,CA,mobile,2022-05-29
2249,UK,mobile,2022-08-18
2250,UK,desktop,2023-12-13
2251,CA,mobile,2023-07-16
2252,US,mobile,2022-03-08
2253,US,Mobile,2023-01-16
2254,AU,Mobile,2022-02-27
2255,US,desktop,2022-09-16
2256,US,desktop,2022-12-08
2257,US,mobile,2022-05-10
2258,,mobile,2023-12-28
2259,,desktop,2022-06-21
2260,UK,mobile,2023-09-06
2261,UK,Mobile,2022-07-28
2262,UK,mobile,2022-12-20
2263,AU,Mobile,2023-04-16
2264,AU,Mobile,2022-04-26
2265,UK,Mobile,2022-09-21
2266,UK,Mobile,2023-10-24
2267,AU,Mobile,2023-03-18
2268,,mobile,2023-07-02
2269,AU,mobile,2023-03-29
2270,AU,mobile,2023-04-22
2271,UK,mobile,2022-10-14
2272,AU,mobile,2022-10-30
2273,AU,Mobile,2022-11-07
2274,AU,mobile,2022-07-27
2275,UK,desktop,2023-09-10
2276,US,desktop,2023-03-22
2277,US,mobile,2023-11-01
2278,US,mobile,2023-09-25
2279,AU,mobile,2022-02-24
2280,,Mobile,2022-01-12
2281,AU,mobile,2023-10-19
2282,,mobile,2023-02-04
2283,US,desktop,2023-10-10
2284,,mobile,2023-05-30
2285,AU,Mobile,2023-10-18
2286,US,Mobile,2023-06-26
2287,AU,desktop,2022-08-25
2288,AU,mobile,2022-10-06
2289,US,desktop,2022-12-14
2290,AU,desktop,2023-09-19
2291,US,mobile,2022-04-14
2292,AU,mobile,2023-09-22
2293,AU,mobile,2023-06-01
2294,UK,desktop,2022-09-05
2295,US,desktop,2022-12-30
2296,US,Mobile,2022-11-17
2297,US,desktop,2023-09-25
2298,CA,mobile,2022-10-13
2299,AU,mobile,2022-05-29
2300,UK,Desktop,2022-03-25
2301,,desktop,2023-02-10
2302,UK,Mobile,2023-04-01
2303,US,desktop,2022-06-10
2304,US,Desktop,2023-04-05
2305,UK,desktop,2023-07-04
2306,US,desktop,2023-05-15
2307,AU,desktop,2023-05-24
2308,AU,mobile,2023-10-16
2309,UK,desktop,2023-04-26
2310,AU,mobile,2023-10-25
2311,UK,desktop,2022-04-24
2312,AU,Mobile,2023-08-01
2313,US,desktop,2022-12-27
2314,AU,Mobile,2022-12-07
2315,AU,mobile,2023-03-25
2316,,mobile,2022-06-29
2317,CA,Desktop,2023-12-03
2318,US,Desktop,2023-02-11
2319,US,mobile,2023-10-28
2320,UK,Desktop,2022-07-15
2321,US,desktop,2023-04-11
2322,US,Mobile,2022-11-07
2323,AU,mobile,2022-09-19
2324,US,Desktop,2023-02-23
2325,UK,Mobile,2023-02-10
2326,,desktop,2022-05-23
2327,AU,desktop,2022-12-08
2328,UK,desktop,2022-11-12
2329,US,desktop,2022-04-11
2330,US,mobile,2022-09-01
2331,AU,mobile,2023-05-05
2332,US,mobile,2022-01-12
2333,AU,mobile,2022-08-27
2334,AU,Mobile,2023-07-15
2335,UK,desktop,2022-02-11
2336,UK,desktop,2023-11-09
2337,US,mobile,2023-08-17
2338,,Mobile,2023-03-05
2339,AU,mobile,2022-06-07
2340,AU,mobile,2022-08-04
2341,US,mobile,2023-11-01
2342,AU,desktop,2023-04-07
2343,AU,mobile,2022-05-14
2344,AU,desktop,2022-03-08
2345,AU,mobile,2022-01-07
2346,UK,desktop,2023-06-10
2347,AU,desktop,2022-03-14
2348,US,Desktop,2023-02-03
2349,AU,desktop,2023-02-09
2350,UK,Desktop,2023-11-06
2351,AU,desktop,2023-08-01
2352,UK,desktop,2022-05-10
2353,US,mobile,2023-04-11
2354,AU,mobile,2022-07-25
2355,US,mobile,2022-09-23
2356,AU,Mobile,2023-06-21
2357,US,Mobile,2022-09-10
2358,AU,desktop,2022-10-16
2359,CA,Desktop,2022-06-13
2360,AU,mobile,2022-04-05
2361,UK,Mobile,2022-04-20
2362,AU,Desktop,2022-12-02
2363,AU,mobile,2022-08-26
2364,US,desktop,2023-01-16
2365,CA,mobile,2023-03-12
2366,AU,desktop,2023-04-28
2367,AU,mobile,2022-01-25
2368,AU,desktop,2023-10-15
2369,AU,Mobile,2022-04-27
2370,AU,mobile,2023-04-27
2371,US,mobile,2023-01-27
2372,AU,Mobile,2023/06/21
2373,AU,Desktop,2022-03-20
2374,UK,desktop,2023-08-03
2375,AU,Mobile,2022-06-22
2376,AU,mobile,2022-01-12
2377,AU,Mobile,2022-05-08
2378,US,desktop,2023-08-31
2379,AU,desktop,2022-04-02
2380,US,mobile,2023-10-15
2381,AU,desktop,2023-06-27
2382,US,desktop,2023-06-16
2383,AU,Desktop,2023-10-20
2384,US,Desktop,2023-03-23
2385,UK,desktop,2023-01-25
2386,US,desktop,2023-11-03
2387,AU,mobile,2022-02-12
2388,AU,desktop,2022-09-11
2389,AU,mobile,2022-05-10
2390,AU,mobile,2022-03-01
2391,AU,mobile,2023-10-25
2392,UK,desktop,2023-04-12
2393,US,mobile,2022-10-14
2394,US,Mobile,2023-06-01
2395,US,Mobile,2023-04-12
2396,US,mobile,2022-12-11
2397,AU,mobile,2023-10-04
2398,UK,desktop,2023-01-17
2399,AU,desktop,2023-11-21
2400,UK,mobile,2022-09-10
2401,UK,desktop,2022-02-25
2402,UK,desktop,2023-04-08
2403,US,mobile,2023-04-02
2404,AU,desktop,2022-03-24
2405,AU,Desktop,2022-04-09
2406,US,Mobile,2022-05-29
2407,US,mobile,2022-11-25
2408,CA,Desktop,2022-06-05
2409,AU,Mobile,2022-07-09
2410,AU,mobile,05-09-2023
2411,AU,Mobile,2022-09-20
2412,AU,Mobile,2022-03-21
2413,US,desktop,2023-02-04
2414,UK,Mobile,2023-09-01
2415,UK,mobile,2022-09-17
2416,UK,desktop,2023-09-07
2417,CA,Mobile,2023-07-06
2418,UK,mobile,2022-04-11
2419,AU,Mobile,2022-12-25
2420,UK,desktop,2023-01-15
2421,AU,mobile,2022-08-09
2422,AU,Mobile,2023-02-24
2423,US,mobile,2022-05-04
2424,AU,mobile,2023-02-26
2425,AU,mobile,2022-08-19
2426,AU,mobile,2023-11-21
2427,AU,desktop,2022-03-04
2428,CA,mobile,2023-04-30
2429,AU,desktop,2023-09-20
2430,AU,mobile,2023-12-04
2431,US,Desktop,2023-07-28
2432,AU,Mobile,2023-04-28
2433,CA,desktop,2023-06-03
2434,AU,mobile,2022-06-04
2435,US,mobile,2022-04-02
2436,UK,mobile,2023-06-10
2437,,Desktop,2023-03-31
2438,US,Mobile,2023-08-21
2439,UK,Mobile,2023-10-07
2440,AU,desktop,2023-05-25
2441,US,mobile,2022-07-02
2442,AU,desktop,2023-01-21
2443,CA,desktop,2023-07-28
2444,AU,desktop,2023-02-09
2445,AU,Mobile,2022-09-03
2446,AU,mobile,2023-08-14
2447,AU,mobile,2023-10-23
2448,AU,desktop,2023-10-12
2449,,Mobile,2023-04-16
2450,US,mobile,2023-02-27
2451,US,Desktop,2022/03/06
2452,UK,mobile,2022-01-13
2453,AU,desktop,2022-08-01
2454,AU,Desktop,2022-08-30
2455,AU,desktop,2023-05-08
2456,AU,desktop,2022-08-01
2457,US,mobile,2023-11-24
2458,US,mobile,2022-12-04
2459,AU,desktop,2022-06-22
2460,US,mobile,2023-11-03
2461,,mobile,2022-06-13
2462,UK,desktop,2023-04-10
2463,UK,mobile,2023-05-12
2464,UK,Desktop,2023-12-01
2465,AU,desktop,2023-01-30
2466,UK,desktop,2023-12-04
2467,AU,desktop,2022-11-04
2468,US,desktop,2022-07-02
2469,US,desktop,2023-09-21
2470,AU,Mobile,2023-05-25
2471,UK,mobile,2023-12-09
2472,CA,desktop,2023-06-30
2473,AU,desktop,2023-07-18
2474,UK,Mobile,2023-09-16
2475,AU,mobile,2023-08-17
2476,US,Mobile,2022-08-15
2477,US,mobile,2023-03-12
2478,US,Desktop,2023-02-26
2479,,Desktop,2023-07-08
2480,CA,mobile,21/01/2022
2481,UK,desktop,2023-07-08
2482,AU,mobile,2023-02-01
2483,CA,desktop,2023-09-17
2484,AU,mobile,2022-04-15
2485,CA,desktop,2022-07-11
2486,AU,mobile,2022-01-17
2487,AU,mobile,2022-04-30
2488,UK,mobile,2023-01-28
2489,AU,mobile,2023-03-01
2490,AU,Mobile,2022-05-09
2491,AU,mobile,2022-05-10
2492,AU,Mobile,2023-07-26
2493,AU,desktop,2023-07-14
2494,AU,desktop,2022-01-29
2495,US,desktop,2022-04-07
2496,AU,Desktop,2022-01-10
2497,UK,mobile,2022-08-30
2498,AU,mobile,2022-08-20
2499,,Mobile,2022-10-11
2500,CA,desktop,2023-12-16
2501,AU,Desktop,2023-12-27
2502,UK,mobile,2022-07-19
2503,UK,mobile,2022-03-20
2504,,mobile,2022-06-22
2505,US,desktop,2023-04-12
2506,AU,Mobile,2023-08-04
2507,US,mobile,2023-02-20
2508,US,Mobile,2023-03-25
2509,US,desktop,2022-03-28
2510,AU,desktop,2022-04-11
2511,CA,mobile,2022-01-08
2512,,desktop,2022-07-19
2513,AU,Mobile,2023-05-20
2514,AU,desktop,2022-03-28
2515,AU,desktop,2022-02-12
2516,UK,mobile,2023-01-20
2517,UK,mobile,2023-09-13
2518,US,desktop,2023-03-11
2519,US,mobile,2023-02-12
2520,US,desktop,2023-04-28
2521,AU,desktop,2023-10-26
2522,US,desktop,2022-01-17
2523,UK,mobile,2023-10-07
2524,,mobile,2022-05-28
2525,,desktop,04.10.2022
2526,,mobile,2022-08-20
2527,US,desktop,2023-01-01
2528,US,desktop,2022-08-16
2529,UK,mobile,2023-10-13
2530,,desktop,2023-03-12
2531,AU,mobile,2023-02-03
2532,AU,mobile,2022-07-30
2533,AU,Desktop,2023-01-26
2534,US,Desktop,2023-05-14
2535,AU,Mobile,2023-06-24
2536,AU,Desktop,2023-07-17
2537,AU,Mobile,2023-05-06
2538,AU,mobile,2023-03-18
2539,CA,mobile,2022-09-18
2540,AU,Desktop,2022-12-16
2541,UK,mobile,2022-12-18
2542,US,Mobile,2023-06-04
2543,CA,Mobile,2022-11-16
2544,AU,desktop,2022-05-18
2545,,Mobile,2023-07-04
2546,US,mobile,2023-09-15
2547,,mobile,2023-01-03
2548,CA,Mobile,2022-08-08
2549,AU,desktop,2022/12/03
2550,AU,Mobile,2022-08-11
2551,AU,desktop,2023-10-10
2552,US,mobile,2022-12-26
2553,AU,desktop,2022-11-25
2554,AU,Mobile,2023-04-08
2555,US,mobile,2023-07-15
2556,AU,Mobile,2023-01-17
2557,AU,desktop,2023-08-13
2558,US,desktop,2023-09-09
2559,AU,mobile,2022-06-18
2560,US,desktop,2022-08-05
2561,US,mobile,2023-01-13
2562,US,mobile,2022-04-29
2563,CA,Mobile,2022-07-09
2564,US,desktop,2023-01-05
2565,US,desktop,2022-05-29
2566,US,mobile,2023-11-07
2567,UK,mobile,2023-10-14
2568,CA,Mobile,2023-05-03
2569,CA,mobile,2023-01-09
2570,UK,mobile,2023-11-24
2571,AU,mobile,2022-06-09
2572,AU,mobile,2022-12-17
2573,AU,mobile,2022-10-15
2574,,Mobile,2022-10-15
2575,UK,mobile,2022-08-14
2576,UK,mobile,2023-06-07
2577,AU,desktop,2023-06-06
2578,CA,mobile,2022-09-30
2579,AU,Mobile,2023-02-06
2580,AU,mobile,2022-07-02
2581,AU,mobile,2023-10-27
2582,US,mobile,2023-05-03
2583,US,mobile,2022-05-04
2584,CA,Mobile,2023-09-18
2585,AU,Desktop,2023-02-18
2586,US,mobile,2023-12-26
2587,US,mobile,2022-06-21
2588,AU,desktop,2022-10-15
2589,UK,Mobile,2023-03-11
2590,UK,desktop,2023-11-17
2591,UK,mobile,2022-04-23
2592,CA,Desktop,2022-05-02
2593,UK,mobile,2023-06-28
2594,AU,mobile,2022-08-10
2595,UK,desktop,2023-09-23
2596,AU,Mobile,2022-02-08
2597,AU,Mobile,2023-05-12
2598,AU,desktop,2022-08-21
2599,UK,Mobile,2023-06-14
2600,UK,mobile,2022-05-29
2601,AU,desktop,2023-02-01
2602,UK,mobile,2023-10-23
2603,CA,desktop,2023-09-30
2604,AU,Desktop,2022-10-29
2605,AU,mobile,2022-12-26
2606,UK,mobile,2022-08-26
2607,AU,mobile,2023-10-09
2608,US,mobile,2023-10-25
2609,AU,Desktop,2022-08-24
2610,US,mobile,2022-07-22
2611,UK,mobile,2022-09-13
2612,UK,desktop,2023-08-21
2613,UK,desktop,2023-10-24
2614,CA,Mobile,2022-08-23
2615,UK,Mobile,2022-12-11
2616,UK,desktop,2023-06-18
2617,AU,Desktop,2023-04-11
2618,US,Mobile,2023-06-25
2619,AU,Mobile,2022-08-01
2620,UK,mobile,2023-04-08
2621,AU,mobile,2023-03-12
2622,US,Mobile,2022-10-10
2623,AU,Desktop,2023-07-16
2624,UK,desktop,2023-08-30
2625,CA,Desktop,2023-04-08
2626,US,Mobile,2023-02-11
2627,CA,desktop,2022-03-29
2628,AU,desktop,2022-02-13
2629,US,Mobile,2023-04-06
2630,CA,mobile,2022-10-05
2631,AU,Mobile,2023-11-14
2632,,desktop,2023-02-25
2633,AU,mobile,2023-12-02
2634,AU,Desktop,2022-12-19
2635,CA,mobile,2023-11-27
2636,AU,desktop,2023-05-30
2637,,Mobile,2023-12-04
2638,,desktop,2023-09-22
2639,AU,mobile,2022-01-19
2640,US,Desktop,2022-01-23
2641,AU,Mobile,2023-02-17
2642,US,mobile,2022-01-30
2643,AU,Mobile,2022-04-18
2644,AU,mobile,2023-01-02
2645,AU,mobile,2022-10-08
2646,US,mobile,2022-05-08
2647,,desktop,2022-08-17
2648,UK,Mobile,2022-04-21
2649,UK,desktop,2022-05-16
2650,US,mobile,2022-12-28
2651,UK,mobile,2022/07/05
2652,AU,Desktop,2023-10-18
2653,UK,Mobile,2023-08-07
2654,,Desktop,2022-05-09
2655,AU,mobile,2022-09-18
2656,UK,mobile,2023-05-30
2657,CA,desktop,2023-03-25
2658,CA,desktop,2022-04-14
2659,UK,mobile,2023-04-28
2660,AU,mobile,2022-08-12
2661,AU,desktop,2023-05-06
2662,AU,Mobile,2023-04-18
2663,UK,desktop,2022-01-10
2664,AU,mobile,2023-02-09
2665,CA,mobile,2022-10-29
2666,AU,Desktop,2022-08-19
2667,AU,mobile,2022-03-07
2668,US,Mobile,2022-04-22
2669,UK,desktop,2022-01-13
2670,AU,mobile,2023-01-28
2671,US,mobile,2023-05-15
2672,US,Mobile,2023-08-21
2673,AU,Mobile,2022-08-22
2674,AU,Mobile,2023-08-25
2675,UK,mobile,2022-11-10
2676,US,Mobile,2023-07-20
2677,AU,Mobile,2022-01-12
2678,UK,desktop,2022-07-28
2679,,mobile,2022-01-14
2680,US,Mobile,2023-09-25
2681,US,Desktop,2023-02-22
2682,CA,Mobile,03-13-2023
2683,,desktop,2023-01-12
2684,UK,Mobile,2022-01-20
2685,US,desktop,2023-08-10
2686,US,Desktop,2022-03-11
2687,UK,mobile,2022-07-30
2688,AU,mobile,2022-04-11
2689,US,mobile,2023-11-29
2690,UK,mobile,2022-05-12
2691,US,mobile,2023-09-15
2692,US,desktop,2023-01-16
2693,UK,mobile,2022-05-12
2694,AU,Mobile,2022-01-20
2695,US,desktop,2023-06-20
2696,UK,mobile,2022-08-15
2697,AU,Desktop,2022-06-03
2698,AU,desktop,2023-04-14
2699,,Mobile,2023-02-09
2700,AU,mobile,2022-07-21
2701,AU,mobile,2022-02-07
2702,,desktop,2022-07-07
2703,UK,mobile,2022-02-26
2704,UK,desktop,2022-01-20
2705,CA,desktop,2022-09-30
2706,AU,mobile,2022-04-29
2707,UK,desktop,2023-08-06
2708,US,mobile,2023-05-31
2709,UK,Desktop,2022-08-09
2710,US,mobile,2023-06-10
2711,US,Mobile,2023-05-30
2712,US,mobile,2023-12-29
2713,US,desktop,2022-12-02
2714,UK,Mobile,2023-11-29
2715,US,mobile,2022-02-24
2716,US,Mobile,2023-05-15
2717,US,mobile,2023-06-20
2718,US,desktop,2022-06-11
2719,UK,desktop,2023-11-01
2720,UK,mobile,2023-08-17
2721,UK,mobile,2022-06-08
2722,,mobile,2022-07-07
2723,UK,Mobile,2022-03-01
2724,US,mobile,2022-11-15
2725,UK,mobile,2022-07-30
2726,,mobile,2023-02-10
2727,US,mobile,2023-10-26
2728,UK,Desktop,2022-04-19
2729,UK,mobile,2022-03-17
2730,US,Mobile,2023-06-26
2731,AU,desktop,2022-11-10
2732,US,desktop,2022-04-27
2733,,mobile,2023-12-05
2734,US,Mobile,2022-01-19
2735,US,desktop,2023-03-08
2736,,mobile,2023-11-16
2737,US,mobile,2022-12-16
2738,US,mobile,2022-07-02
2739,UK,mobile,2022-04-23
2740,UK,mobile,2022-07-02
2741,AU,desktop,2023-04-26
2742,US,mobile,2022-05-26
2743,US,Mobile,2023-09-20
2744,AU,Mobile,2022-04-23
2745,US,Mobile,2023-04-21
2746,US,desktop,2022-10-30
2747,AU,mobile,2022-04-28
2748,US,Desktop,2022-06-10
2749,AU,Mobile,2023-02-05
2750,US,Mobile,2022-07-17
2751,CA,desktop,2022-09-17
2752,UK,mobile,2023-10-22
2753,AU,mobile,2022-02-16
2754,AU,desktop,03/02/2023
2755,AU,Mobile,2023-12-11
2756,US,desktop,2023-07-13
2757,AU,Desktop,2022-03-19
2758,US,mobile,2022-05-04
2759,AU,mobile,2022-03-16
2760,CA,mobile,2022-05-17
2761,US,mobile,2023-08-25
2762,AU,desktop,2023-02-04
2763,UK,desktop,2023-05-20
2764,AU,Mobile,2023-05-15
2765,AU,mobile,2023-07-27
2766,US,mobile,2022-05-18
2767,US,mobile,2022-02-19
2768,UK,desktop,2023-09-11
2769,AU,mobile,2023-09-17
2770,US,desktop,2022-09-11
2771,AU,desktop,2023-09-22
2772,AU,desktop,2023-12-11
2773,CA,mobile,2023-07-17
2774,UK,desktop,2023-03-02
2775,AU,Mobile,2023-07-01
2776,US,desktop,2022-10-29
2777,AU,mobile,2023-08-04
2778,CA,Mobile,2022-12-15
2779,AU,Mobile,2022-02-18
2780,AU,mobile,2022-03-15
2781,US,mobile,2023-12-05
2782,US,Desktop,2022-09-18
2783,US,mobile,2022-12-22
2784,AU,mobile,2023-08-05
2785,AU,mobile,2023-08-25
2786,US,Mobile,2022-09-17
2787,AU,mobile,2023-09-30
2788,CA,Mobile,2022-10-22
2789,AU,mobile,2023-10-03
2790,US,mobile,2022-11-09
2791,UK,desktop,2023-09-04
2792,AU,mobile,2022-07-01
2793,US,Desktop,2023-11-17
2794,UK,mobile,2022-12-30
2795,AU,mobile,2022-07-07
2796,CA,mobile,2023-07-23
2797,US,mobile,2023-06-27
2798,AU,Desktop,2023-08-19
2799,US,desktop,2023-10-26
2800,AU,mobile,2023-07-02
2801,UK,Mobile,2023-12-26
2802,UK,Mobile,2023-02-12
2803,UK,mobile,2023-09-10
2804,,mobile,2023-02-18
2805,UK,Desktop,2022-12-08
2806,US,Desktop,2022-08-08
2807,AU,Desktop,2022-06-12
2808,US,desktop,2022-08-08
2809,AU,desktop,2022-09-27
2810,UK,mobile,2023-09-24
2811,US,mobile,2023-02-04
2812,AU,mobile,2022-07-01
2813,AU,desktop,2023-09-10
2814,US,desktop,2023-12-30
2815,US,desktop,2022-07-24
2816,US,Desktop,2023-08-05
2817,US,desktop,2023-07-10
2818,US,Desktop,2022-08-16
2819,UK,mobile,2023-11-27
2820,AU,desktop,2023-09-11
2821,AU,Mobile,2023-08-19
2822,US,mobile,2022-09-07
2823,US,Desktop,2023-03-17
2824,AU,desktop,2023-06-17
2825,US,mobile,2022-07-15
2826,AU,mobile,2023-11-21
2827,US,desktop,2023-06-03
2828,US,Mobile,2022-03-11
2829,US,Desktop,2023-10-01
2830,UK,mobile,2023-02-03
2831,AU,mobile,2023-11-03
2832,,mobile,2022-07-22
2833,US,mobile,2022-05-28
2834,US,mobile,2023-04-17
2835,UK,Desktop,2023-10-17
2836,UK,mobile,2022-07-18
2837,US,mobile,2023-03-02
2838,US,mobile,2023-10-28
2839,AU,mobile,05-07-2023
2840,AU,desktop,2022-05-22
2841,AU,Mobile,2022-11-09
2842,AU,desktop,2022-06-14
2843,US,mobile,2022-11-10
2844,AU,mobile,2022-01-21
2845,UK,Mobile,2022-03-23
2846,CA,mobile,2023-08-04
2847,,desktop,2022-05-11
2848,US,mobile,2023-08-22
2849,UK,desktop,2023-12-31
2850,CA,mobile,2022-11-01
2851,US,desktop,2023-01-06
2852,AU,Desktop,2023-01-19
2853,,Mobile,2023-03-21
2854,US,Mobile,2023-03-01
2855,US,Desktop,2022-06-10
2856,AU,Mobile,2022-06-27
2857,AU,mobile,2023-09-21
2858,CA,mobile,2023-12-09
2859,US,desktop,2023-05-05
2860,AU,desktop,2022-11-23
2861,AU,mobile,2023-08-21
2862,US,mobile,2022-10-16
2863,US,Desktop,2023-08-16
2864,AU,mobile,2023-10-26
2865,CA,mobile,2023-07-27
2866,AU,mobile,2023-07-27
2867,AU,desktop,2022-12-20
2868,UK,mobile,2022-01-28
2869,AU,desktop,2022-02-12
2870,UK,mobile,2023-11-12
2871,UK,desktop,2023-02-27
2872,UK,desktop,2023-08-21
2873,AU,mobile,2022-06-26
2874,AU,Mobile,2023-06-13
2875,AU,mobile,2023-09-02
2876,US,mobile,2023-05-09
2877,UK,desktop,2022-07-17
2878,UK,mobile,2023-09-02
2879,UK,desktop,2023-07-31
2880,,mobile,2023-06-01
2881,UK,mobile,2023-05-29
2882,AU,mobile,2022-01-22
2883,AU,Mobile,2022-04-22
2884,UK,Mobile,2022-02-26
2885,AU,desktop,2022-03-07
2886,AU,mobile,2022-04-08
2887,US,mobile,2022-05-24
2888,UK,desktop,2023-03-11
2889,AU,desktop,2023-09-29
2890,UK,mobile,2023-11-10
2891,UK,Mobile,2022-03-27
2892,US,mobile,2023-08-11
2893,AU,desktop,2022-12-10
2894,AU,desktop,2022-10-21
2895,UK,desktop,2023-07-25
2896,UK,desktop,2023-10-12
2897,CA,mobile,2023-09-03
2898,US,desktop,2023-12-05
2899,AU,Mobile,2022-08-31
2900,AU,mobile,2023-07-15
2901,UK,Mobile,2022-02-01
2902,AU,Desktop,2023-01-26
2903,AU,desktop,2022-10-04
2904,US,mobile,2023-06-16
2905,AU,desktop,2022-06-03
2906,AU,desktop,2023-01-18
2907,US,mobile,2022-03-09
2908,AU,Mobile,2022-08-02
2909,AU,desktop,2023-10-17
2910,UK,mobile,2023-01-11
2911,UK,mobile,2022-08-01
2912,AU,desktop,2022-03-20
2913,UK,Desktop,2023-12-27
2914,US,desktop,2023-09-20
2915,US,desktop,2023-08-27
2916,CA,mobile,2023-01-16
2917,UK,mobile,2023-11-11
2918,UK,Mobile,2022-02-27
2919,AU,mobile,2022-01-26
2920,AU,desktop,2023-03-23
2921,CA,mobile,2022-03-07
2922,US,mobile,2022-09-11
2923,AU,mobile,2022-02-13
2924,UK,Desktop,2022-04-07
2925,UK,mobile,2023-07-08
2926,CA,mobile,2022-08-15
2927,AU,mobile,2023-11-10
2928,CA,desktop,2023-03-12
2929,AU,mobile,2023-08-24
2930,AU,mobile,2023-01-14
2931,US,mobile,2022-06-27
2932,AU,desktop,2023-03-03
2933,AU,mobile,2023-12-10
2934,UK,mobile,2022-11-03
2935,AU,mobile,2023-05-19
2936,AU,Mobile,2022-09-25
2937,AU,desktop,2023-08-09
2938,US,Mobile,2022-01-08
2939,US,Desktop,2023-05-23
2940,UK,Desktop,2023-04-21
2941,UK,mobile,2022-10-24
2942,US,desktop,2022-06-13
2943,CA,desktop,2023-04-30
2944,AU,desktop,2023-08-20
2945,AU,mobile,2022-03-13
2946,UK,Mobile,2023-07-21
2947,AU,mobile,2023-07-13
2948,,desktop,2022-08-26
2949,US,mobile,2022-04-14
2950,UK,mobile,2022-07-29
2951,US,mobile,2023-07-08
2952,US,mobile,2023-04-13
2953,US,Mobile,30.03.2023
2954,UK,mobile,2022-09-25
2955,US,mobile,2023-01-21
2956,,Desktop,2023-01-22
2957,AU,mobile,2022-09-16
2958,AU,desktop,2022-10-10
2959,US,mobile,18/09/2023
2960,US,mobile,2022-02-09
2961,CA,desktop,2023-05-01
2962,AU,desktop,2022-08-08
2963,US,mobile,2022-05-09
2964,AU,Desktop,2023-06-04
2965,US,Desktop,2023-09-05
2966,CA,Desktop,2023-11-19
2967,AU,mobile,2023-09-11
2968,US,mobile,2023-09-05
2969,,Mobile,2022-09-17
2970,CA,desktop,2023-01-01
2971,US,mobile,2023-06-28
2972,US,desktop,2023-10-11
2973,AU,mobile,2023-06-08
2974,US,Mobile,2022-01-16
2975,CA,mobile,2022-05-09
2976,UK,desktop,2023-07-29
2977,AU,mobile,2022-04-19
2978,AU,desktop,2023-06-17
2979,AU,Mobile,2023-11-01
2980,AU,desktop,2022-09-26
2981,AU,Desktop,2022-06-11
2982,US,desktop,2022-09-17
2983,AU,Desktop,2022-04-12
2984,AU,mobile,2023-05-21
2985,US,mobile,2023-07-25
2986,AU,mobile,2022-09-04
2987,AU,mobile,2023-10-02
2988,AU,desktop,2023-06-21
2989,AU,mobile,2022-05-11
2990,US,Mobile,2022-12-19
2991,AU,Mobile,2022-07-15
2992,UK,Mobile,2023-10-28
2993,CA,Mobile,2023-01-17
2994,UK,desktop,2023-10-07
2995,US,mobile,2022-08-15
2996,CA,mobile,2023-12-02
2997,UK,Mobile,2023-04-21
2998,AU,desktop,2023-04-22
2999,US,mobile,2022-09-22
3000,CA,desktop,2023-01-07
